[  +64 ms] Artifact Instance of 'MaterialFonts' is not required, skipping update.
[        ] Artifact Instance of 'GradleWrapper' is not required, skipping update.
[        ] Artifact Instance of 'AndroidGenSnapshotArtifacts' is not required, skipping update.
[        ] Artifact Instance of 'AndroidInternalBuildArtifacts' is not required, skipping update.
[        ] Artifact Instance of 'IOSEngineArtifacts' is not required, skipping update.
[        ] Artifact Instance of 'FlutterWebSdk' is not required, skipping update.
[        ] Artifact Instance of 'LegacyCanvasKitRemover' is not required, skipping update.
[        ] Artifact Instance of 'FlutterSdk' is not required, skipping update.
[        ] Artifact Instance of 'WindowsEngineArtifacts' is not required, skipping update.
[        ] Artifact Instance of 'MacOSEngineArtifacts' is not required, skipping update.
[        ] Artifact Instance of 'LinuxEngineArtifacts' is not required, skipping update.
[        ] Artifact Instance of 'LinuxFuchsiaSDKArtifacts' is not required, skipping update.
[        ] Artifact Instance of 'MacOSFuchsiaSDKArtifacts' is not required, skipping update.
[        ] Artifact Instance of 'FlutterRunnerSDKArtifacts' is not required, skipping update.
[        ] Artifact Instance of 'FlutterRunnerDebugSymbols' is not required, skipping update.
[        ] Artifact Instance of 'IosUsbArtifacts' is not required, skipping update.
[        ] Artifact Instance of 'IosUsbArtifacts' is not required, skipping update.
[        ] Artifact Instance of 'IosUsbArtifacts' is not required, skipping update.
[        ] Artifact Instance of 'IosUsbArtifacts' is not required, skipping update.
[        ] Artifact Instance of 'IosUsbArtifacts' is not required, skipping update.
[        ] Artifact Instance of 'IosUsbArtifacts' is not required, skipping update.
[        ] Artifact Instance of 'FontSubsetArtifacts' is not required, skipping update.
[        ] Artifact Instance of 'PubDependencies' is not required, skipping update.
[  +12 ms] Artifact Instance of 'AndroidGenSnapshotArtifacts' is not required, skipping update.
[        ] Artifact Instance of 'AndroidInternalBuildArtifacts' is not required, skipping update.
[        ] Artifact Instance of 'IOSEngineArtifacts' is not required, skipping update.
[        ] Artifact Instance of 'FlutterWebSdk' is not required, skipping update.
[        ] Artifact Instance of 'FlutterEngineStamp' is not required, skipping update.
[        ] Artifact Instance of 'LegacyCanvasKitRemover' is not required, skipping update.
[   +2 ms] Artifact Instance of 'WindowsEngineArtifacts' is not required, skipping update.
[        ] Artifact Instance of 'MacOSEngineArtifacts' is not required, skipping update.
[        ] Artifact Instance of 'LinuxEngineArtifacts' is not required, skipping update.
[        ] Artifact Instance of 'LinuxFuchsiaSDKArtifacts' is not required, skipping update.
[        ] Artifact Instance of 'MacOSFuchsiaSDKArtifacts' is not required, skipping update.
[        ] Artifact Instance of 'FlutterRunnerSDKArtifacts' is not required, skipping update.
[        ] Artifact Instance of 'FlutterRunnerDebugSymbols' is not required, skipping update.
[  +53 ms] Artifact Instance of 'MaterialFonts' is not required, skipping update.
[        ] Artifact Instance of 'GradleWrapper' is not required, skipping update.
[   +2 ms] Artifact Instance of 'AndroidInternalBuildArtifacts' is not required, skipping update.
[        ] Artifact Instance of 'IOSEngineArtifacts' is not required, skipping update.
[        ] Artifact Instance of 'FlutterWebSdk' is not required, skipping update.
[        ] Artifact Instance of 'FlutterEngineStamp' is not required, skipping update.
[        ] Artifact Instance of 'LegacyCanvasKitRemover' is not required, skipping update.
[        ] Artifact Instance of 'FlutterSdk' is not required, skipping update.
[        ] Artifact Instance of 'WindowsEngineArtifacts' is not required, skipping update.
[        ] Artifact Instance of 'MacOSEngineArtifacts' is not required, skipping update.
[        ] Artifact Instance of 'LinuxEngineArtifacts' is not required, skipping update.
[        ] Artifact Instance of 'LinuxFuchsiaSDKArtifacts' is not required, skipping update.
[        ] Artifact Instance of 'MacOSFuchsiaSDKArtifacts' is not required, skipping update.
[        ] Artifact Instance of 'FlutterRunnerSDKArtifacts' is not required, skipping update.
[        ] Artifact Instance of 'FlutterRunnerDebugSymbols' is not required, skipping update.
[        ] Artifact Instance of 'IosUsbArtifacts' is not required, skipping update.
[        ] Artifact Instance of 'IosUsbArtifacts' is not required, skipping update.
[        ] Artifact Instance of 'IosUsbArtifacts' is not required, skipping update.
[        ] Artifact Instance of 'IosUsbArtifacts' is not required, skipping update.
[        ] Artifact Instance of 'IosUsbArtifacts' is not required, skipping update.
[        ] Artifact Instance of 'IosUsbArtifacts' is not required, skipping update.
[        ] Artifact Instance of 'FontSubsetArtifacts' is not required, skipping update.
[        ] Artifact Instance of 'PubDependencies' is not required, skipping update.
[  +78 ms] Skipping pub get: version match.
[  +76 ms] Found plugin permission_handler at /home/ubuntu/.pub-cache/hosted/pub.dev/permission_handler-12.0.3/
[   +6 ms] Found plugin permission_handler_windows at /home/ubuntu/.pub-cache/hosted/pub.dev/permission_handler_windows-0.2.2/
[   +5 ms] Found plugin permission_handler_html at /home/ubuntu/.pub-cache/hosted/pub.dev/permission_handler_html-0.1.4+1/
[   +4 ms] Found plugin permission_handler_apple at /home/ubuntu/.pub-cache/hosted/pub.dev/permission_handler_apple-9.6.1/
[   +4 ms] Found plugin permission_handler_android at /home/ubuntu/.pub-cache/hosted/pub.dev/permission_handler_android-13.0.1/
[   +3 ms] Found plugin mobile_scanner at /home/ubuntu/.pub-cache/hosted/pub.dev/mobile_scanner-7.4.0/
[  +10 ms] Found plugin geolocator at /home/ubuntu/.pub-cache/hosted/pub.dev/geolocator-14.0.3/
[   +1 ms] Found plugin geolocator_windows at /home/ubuntu/.pub-cache/hosted/pub.dev/geolocator_windows-0.2.5/
[   +2 ms] Found plugin geolocator_web at /home/ubuntu/.pub-cache/hosted/pub.dev/geolocator_web-4.1.4/
[   +1 ms] Found plugin geolocator_linux at /home/ubuntu/.pub-cache/hosted/pub.dev/geolocator_linux-0.2.6/
[   +3 ms] Found plugin package_info_plus at /home/ubuntu/.pub-cache/hosted/pub.dev/package_info_plus-10.2.1/
[  +18 ms] Found plugin geolocator_apple at /home/ubuntu/.pub-cache/hosted/pub.dev/geolocator_apple-2.3.14/
[   +2 ms] Found plugin geolocator_android at /home/ubuntu/.pub-cache/hosted/pub.dev/geolocator_android-5.0.3/
[   +2 ms] Found plugin flutter_webrtc at /home/ubuntu/.pub-cache/hosted/pub.dev/flutter_webrtc-1.6.0/
[   +3 ms] Found plugin path_provider at /home/ubuntu/.pub-cache/hosted/pub.dev/path_provider-2.1.6/
[   +1 ms] Found plugin path_provider_windows at /home/ubuntu/.pub-cache/hosted/pub.dev/path_provider_windows-2.3.0/
[   +3 ms] Found plugin path_provider_linux at /home/ubuntu/.pub-cache/hosted/pub.dev/path_provider_linux-2.2.2/
[   +1 ms] Found plugin path_provider_foundation at /home/ubuntu/.pub-cache/hosted/pub.dev/path_provider_foundation-2.6.0/
[   +8 ms] Found plugin path_provider_android at /home/ubuntu/.pub-cache/hosted/pub.dev/path_provider_android-2.3.1/
[   +1 ms] Found plugin jni_flutter at /home/ubuntu/.pub-cache/hosted/pub.dev/jni_flutter-1.0.2/
[   +1 ms] Found plugin jni at /home/ubuntu/.pub-cache/hosted/pub.dev/jni-1.0.3/
[   +7 ms] Found plugin firebase_messaging at /home/ubuntu/.pub-cache/hosted/pub.dev/firebase_messaging-16.5.0/
[   +1 ms] Found plugin firebase_messaging_web at /home/ubuntu/.pub-cache/hosted/pub.dev/firebase_messaging_web-4.2.4/
[   +2 ms] Found plugin firebase_core at /home/ubuntu/.pub-cache/hosted/pub.dev/firebase_core-4.13.0/
[   +1 ms] Found plugin firebase_core_web at /home/ubuntu/.pub-cache/hosted/pub.dev/firebase_core_web-3.10.0/
[   +3 ms] Found plugin firebase_auth at /home/ubuntu/.pub-cache/hosted/pub.dev/firebase_auth-6.5.7/
[   +1 ms] Found plugin firebase_auth_web at /home/ubuntu/.pub-cache/hosted/pub.dev/firebase_auth_web-6.2.6/
[   +2 ms] Found plugin cloud_firestore at /home/ubuntu/.pub-cache/hosted/pub.dev/cloud_firestore-6.8.0/
[   +1 ms] Found plugin cloud_firestore_web at /home/ubuntu/.pub-cache/hosted/pub.dev/cloud_firestore_web-5.7.2/
[   +2 ms] Found plugin kidsafe_android at /home/ubuntu/kidsafe-guardian/flutter/packages/kidsafe_android/
[  +23 ms] Found plugin flutter_local_notifications at /home/ubuntu/.pub-cache/hosted/pub.dev/flutter_local_notifications-22.3.0/
[   +2 ms] Found plugin flutter_local_notifications_windows at /home/ubuntu/.pub-cache/hosted/pub.dev/flutter_local_notifications_windows-3.1.1/
[   +1 ms] Found plugin flutter_local_notifications_web at /home/ubuntu/.pub-cache/hosted/pub.dev/flutter_local_notifications_web-1.0.0/
[   +1 ms] Found plugin flutter_local_notifications_linux at /home/ubuntu/.pub-cache/hosted/pub.dev/flutter_local_notifications_linux-8.0.1/
[  +36 ms] Found plugin permission_handler at /home/ubuntu/.pub-cache/hosted/pub.dev/permission_handler-12.0.3/
[   +1 ms] Found plugin permission_handler_windows at /home/ubuntu/.pub-cache/hosted/pub.dev/permission_handler_windows-0.2.2/
[   +2 ms] Found plugin permission_handler_html at /home/ubuntu/.pub-cache/hosted/pub.dev/permission_handler_html-0.1.4+1/
[   +1 ms] Found plugin permission_handler_apple at /home/ubuntu/.pub-cache/hosted/pub.dev/permission_handler_apple-9.6.1/
[   +1 ms] Found plugin permission_handler_android at /home/ubuntu/.pub-cache/hosted/pub.dev/permission_handler_android-13.0.1/
[   +1 ms] Found plugin mobile_scanner at /home/ubuntu/.pub-cache/hosted/pub.dev/mobile_scanner-7.4.0/
[   +4 ms] Found plugin geolocator at /home/ubuntu/.pub-cache/hosted/pub.dev/geolocator-14.0.3/
[        ] Found plugin geolocator_windows at /home/ubuntu/.pub-cache/hosted/pub.dev/geolocator_windows-0.2.5/
[   +1 ms] Found plugin geolocator_web at /home/ubuntu/.pub-cache/hosted/pub.dev/geolocator_web-4.1.4/
[        ] Found plugin geolocator_linux at /home/ubuntu/.pub-cache/hosted/pub.dev/geolocator_linux-0.2.6/
[   +1 ms] Found plugin package_info_plus at /home/ubuntu/.pub-cache/hosted/pub.dev/package_info_plus-10.2.1/
[   +6 ms] Found plugin geolocator_apple at /home/ubuntu/.pub-cache/hosted/pub.dev/geolocator_apple-2.3.14/
[        ] Found plugin geolocator_android at /home/ubuntu/.pub-cache/hosted/pub.dev/geolocator_android-5.0.3/
[        ] Found plugin flutter_webrtc at /home/ubuntu/.pub-cache/hosted/pub.dev/flutter_webrtc-1.6.0/
[   +1 ms] Found plugin path_provider at /home/ubuntu/.pub-cache/hosted/pub.dev/path_provider-2.1.6/
[        ] Found plugin path_provider_windows at /home/ubuntu/.pub-cache/hosted/pub.dev/path_provider_windows-2.3.0/
[   +1 ms] Found plugin path_provider_linux at /home/ubuntu/.pub-cache/hosted/pub.dev/path_provider_linux-2.2.2/
[        ] Found plugin path_provider_foundation at /home/ubuntu/.pub-cache/hosted/pub.dev/path_provider_foundation-2.6.0/
[   +4 ms] Found plugin path_provider_android at /home/ubuntu/.pub-cache/hosted/pub.dev/path_provider_android-2.3.1/
[        ] Found plugin jni_flutter at /home/ubuntu/.pub-cache/hosted/pub.dev/jni_flutter-1.0.2/
[   +1 ms] Found plugin jni at /home/ubuntu/.pub-cache/hosted/pub.dev/jni-1.0.3/
[   +3 ms] Found plugin firebase_messaging at /home/ubuntu/.pub-cache/hosted/pub.dev/firebase_messaging-16.5.0/
[        ] Found plugin firebase_messaging_web at /home/ubuntu/.pub-cache/hosted/pub.dev/firebase_messaging_web-4.2.4/
[   +1 ms] Found plugin firebase_core at /home/ubuntu/.pub-cache/hosted/pub.dev/firebase_core-4.13.0/
[        ] Found plugin firebase_core_web at /home/ubuntu/.pub-cache/hosted/pub.dev/firebase_core_web-3.10.0/
[   +1 ms] Found plugin firebase_auth at /home/ubuntu/.pub-cache/hosted/pub.dev/firebase_auth-6.5.7/
[        ] Found plugin firebase_auth_web at /home/ubuntu/.pub-cache/hosted/pub.dev/firebase_auth_web-6.2.6/
[   +1 ms] Found plugin cloud_firestore at /home/ubuntu/.pub-cache/hosted/pub.dev/cloud_firestore-6.8.0/
[        ] Found plugin cloud_firestore_web at /home/ubuntu/.pub-cache/hosted/pub.dev/cloud_firestore_web-5.7.2/
[   +1 ms] Found plugin kidsafe_android at /home/ubuntu/kidsafe-guardian/flutter/packages/kidsafe_android/
[  +14 ms] Found plugin flutter_local_notifications at /home/ubuntu/.pub-cache/hosted/pub.dev/flutter_local_notifications-22.3.0/
[   +1 ms] Found plugin flutter_local_notifications_windows at /home/ubuntu/.pub-cache/hosted/pub.dev/flutter_local_notifications_windows-3.1.1/
[   +1 ms] Found plugin flutter_local_notifications_web at /home/ubuntu/.pub-cache/hosted/pub.dev/flutter_local_notifications_web-1.0.0/
[        ] Found plugin flutter_local_notifications_linux at /home/ubuntu/.pub-cache/hosted/pub.dev/flutter_local_notifications_linux-8.0.1/
[  +14 ms] Generating /home/ubuntu/kidsafe-guardian/flutter/apps/child_app/android/app/src/main/java/io/flutter/plugins/GeneratedPluginRegistrant.java
[  +12 ms] Skipping generating GeneratedPluginRegistrant.java because it is up-to-date.
[  +26 ms] Top-level Gradle build file not found, skipping migration of task "clean".
[        ] Android Studio version could not be detected, skipping Gradle-Java version compatibility check.
[   +1 ms] CMake project not found, skipping support Android 15 16k page size migration.
[        ] The developer has already configured the Built-In Kotlin flag, skipping migration.
[        ] The developer has already configured the new DSL flag, skipping migration.
[   +2 ms] Using gradle from /home/ubuntu/kidsafe-guardian/flutter/apps/child_app/android/gradlew.
[  +14 ms] LocalFile: '/home/ubuntu/kidsafe-guardian/flutter/apps/child_app/android/build.gradle.kts' doesn't provide an AGP version. Checking settings.
[        ] LocalFile: '/home/ubuntu/kidsafe-guardian/flutter/apps/child_app/android/settings.gradle.kts' provides AGP version: 9.1.0
[        ] Running Gradle task 'assembleDebug'...
[   +1 ms] executing: [/home/ubuntu/kidsafe-guardian/flutter/apps/child_app/android/] /home/ubuntu/kidsafe-guardian/flutter/apps/child_app/android/gradlew --full-stacktrace --info -Pverbose=true -Ptarget-platform=android-arm,android-arm64,android-x64 -Ptarget=lib/main.dart -Pbase-application-name=android.app.Application -Pdart-defines=RkxVVFRFUl9CVUlMRF9OQU1FPTEuMC4w,RkxVVFRFUl9CVUlMRF9OVU1CRVI9MQ==,RkxVVFRFUl9WRVJTSU9OPTMuNDcuMA==,RkxVVFRFUl9DSEFOTkVMPXN0YWJsZQ==,RkxVVFRFUl9HSVRfVVJMPWh0dHBzOi8vZ2l0aHViLmNvbS9mbHV0dGVyL2ZsdXR0ZXIuZ2l0,RkxVVFRFUl9GUkFNRVdPUktfUkVWSVNJT049NGNmMjQxNjQyNg==,RkxVVFRFUl9FTkdJTkVfUkVWSVNJT049NWY3NzYyNTY3Mw==,RkxVVFRFUl9EQVJUX1ZFUlNJT049My4xMy4w -Pdart-obfuscation=false -Ptrack-widget-creation=true -Ptree-shake-icons=false -Pflutter.androidSdkRoot=/home/ubuntu/android-sdk -Pflutter.installedNdkVersions=28.2.13676358 -Pflutter.sdkManagerPath=/home/ubuntu/android-sdk/cmdline-tools/latest/bin/sdkmanager assembleDebug
[ +499 ms] Initialized native services in: /home/ubuntu/.gradle/native
[        ] Initialized jansi services in: /home/ubuntu/.gradle/native
[ +232 ms] To honour the JVM settings for this build a single-use Daemon process will be forked. For more on this, please refer to https://docs.gradle.org/9.3.1/userguide/gradle_daemon.html#sec:disabling_the_daemon in the Gradle documentation.
[  +98 ms] Starting process 'Gradle build daemon'. Working directory: /home/ubuntu/.gradle/daemon/9.3.1 Command: /usr/lib/jvm/java-17-openjdk-amd64/bin/java --add-opens=java.base/java.lang=ALL-UNNAMED --add-opens=java.base/java.lang.invoke=ALL-UNNAMED --add-opens=java.base/java.util=ALL-UNNAMED --add-opens=java.prefs/java.util.prefs=ALL-UNNAMED --add-exports=jdk.compiler/com.sun.tools.javac.api=ALL-UNNAMED --add-exports=jdk.compiler/com.sun.tools.javac.util=ALL-UNNAMED --add-opens=java.base/java.util=ALL-UNNAMED --add-opens=java.prefs/java.util.prefs=ALL-UNNAMED --add-opens=java.base/java.nio.charset=ALL-UNNAMED --add-opens=java.base/java.net=ALL-UNNAMED --add-opens=java.base/java.util.concurrent=ALL-UNNAMED --add-opens=java.base/java.util.concurrent.atomic=ALL-UNNAMED --add-opens=java.xml/javax.xml.namespace=ALL-UNNAMED --add-opens=java.base/java.time=ALL-UNNAMED -XX:MaxMetaspaceSize=512m -Xmx768m -Dfile.encoding=UTF-8 -Duser.country -Duser.language=en -Duser.variant -cp /home/ubuntu/.gradle/wrapper/dists/gradle-9.3.1-all/9ot9r568e8zfvvd4mn8rbu1j0/gradle-9.3.1/lib/gradle-daemon-main-9.3.1.jar -javaagent:/home/ubuntu/.gradle/wrapper/dists/gradle-9.3.1-all/9ot9r568e8zfvvd4mn8rbu1j0/gradle-9.3.1/lib/agents/gradle-instrumentation-agent-9.3.1.jar org.gradle.launcher.daemon.bootstrap.GradleDaemon 9.3.1
[        ] Successfully started process 'Gradle build daemon'
[ +898 ms] An attempt to start the daemon took 0.959 secs.
[ +100 ms] The client will now receive all logging from the daemon (pid: 159729). The daemon log file: /home/ubuntu/.gradle/daemon/9.3.1/daemon-159729.out.log
[        ] Daemon will be stopped at the end of the build 
[ +399 ms] Using 1 worker leases.
[ +100 ms] Operational build model parameters: {requiresToolingModels=false, parallelProjectExecution=false, configureOnDemand=false, configurationCache=false, configurationCacheParallelStore=false, configurationCacheParallelLoad=true, isolatedProjects=false, parallelProjectConfiguration=false, intermediateModelCache=false, parallelToolingApiActions=false, invalidateCoupledProjects=false, modelAsProjectDependency=false, resilientModelBuilding=false}
[ +299 ms] Received JVM installation metadata from '/usr/lib/jvm/java-17-openjdk-amd64': {JAVA_HOME=/usr/lib/jvm/java-17-openjdk-amd64, JAVA_VERSION=17.0.19, JAVA_VENDOR=Ubuntu, RUNTIME_NAME=OpenJDK Runtime Environment, RUNTIME_VERSION=17.0.19+10-1-24.04.2-Ubuntu, VM_NAME=OpenJDK 64-Bit Server VM, VM_VERSION=17.0.19+10-1-24.04.2-Ubuntu, VM_VENDOR=Ubuntu, OS_ARCH=amd64}
[ +299 ms] Watching the file system is configured to be enabled if available
[ +100 ms] Now considering [/home/ubuntu/kidsafe-guardian/flutter/apps/child_app/android] as hierarchies to watch
[        ] File system watching is active
[ +599 ms] Starting Build
[ +500 ms] Now considering [/home/ubuntu/flutter/packages/flutter_tools/gradle, /home/ubuntu/kidsafe-guardian/flutter/apps/child_app/android] as hierarchies to watch
[+2100 ms] > Configure project :gradle
[        ] Evaluating project ':gradle' using build file '/home/ubuntu/flutter/packages/flutter_tools/gradle/build.gradle.kts'.
[        ] Resolved plugin [id: 'org.gradle.java-gradle-plugin']
[        ] Resolved plugin [id: 'org.gradle.groovy']
[        ] Resolved plugin [id: 'org.gradle.kotlin.kotlin-dsl', version: '6.4.2']
[        ] Resolved plugin [id: 'org.jetbrains.kotlin.jvm', version: '2.2.20']
[        ] Build d77ff362-480d-402e-9484-b19081fd7972 is started
[  +98 ms] Using Kotlin Gradle Plugin gradle813 variant
[ +299 ms] kotlin scripting plugin: created the scripting discovery configuration: kotlinScriptDef
[ +100 ms] kotlin scripting plugin: created the scripting discovery configuration: testKotlinScriptDef
[ +199 ms] file or directory '/home/ubuntu/flutter/packages/flutter_tools/gradle/src/main/java', not found
[ +399 ms] Resolved plugin [id: 'dev.flutter.flutter-plugin-loader', version: '1.0.0']
[        ] Resolved plugin [id: 'com.android.application', version: '9.1.0', apply: false]
[        ] Resolved plugin [id: 'com.google.gms.google-services', version: '4.4.4', apply: false]
[        ] Resolved plugin [id: 'org.jetbrains.kotlin.android', version: '2.4.0', apply: false]
[ +299 ms] Resolve mutations for :gradle:checkKotlinGradlePluginConfigurationErrors (Thread[included builds,5,main]) started.
[        ] :gradle:checkKotlinGradlePluginConfigurationErrors (Thread[included builds,5,main]) started.
[        ] > Task :gradle:checkKotlinGradlePluginConfigurationErrors SKIPPED
[        ] Skipping task ':gradle:checkKotlinGradlePluginConfigurationErrors' as task onlyIf 'errorDiagnostics are present' is false.
[        ] Resolve mutations for :gradle:compileKotlin (Thread[included builds,5,main]) started.
[        ] :gradle:compileKotlin (Thread[included builds,5,main]) started.
[ +300 ms] > Task :gradle:compileKotlin UP-TO-DATE
[        ] Caching disabled for task ':gradle:compileKotlin' because:
[        ]   Build cache is disabled
[        ] Skipping task ':gradle:compileKotlin' as it is up-to-date.
[        ] Resolve mutations for :gradle:compileJava (Thread[included builds,5,main]) started.
[        ] :gradle:compileJava (Thread[included builds,5,main]) started.
[        ] > Task :gradle:compileJava NO-SOURCE
[        ] Skipping task ':gradle:compileJava' as it has no source files and no previous output files.
[        ] Resolve mutations for :gradle:compileGroovy (Thread[included builds,5,main]) started.
[        ] :gradle:compileGroovy (Thread[included builds,5,main]) started.
[        ] > Task :gradle:compileGroovy NO-SOURCE
[        ] Skipping task ':gradle:compileGroovy' as it has no source files and no previous output files.
[        ] Resolve mutations for :gradle:pluginDescriptors (Thread[included builds,5,main]) started.
[        ] :gradle:pluginDescriptors (Thread[included builds,5,main]) started.
[        ] > Task :gradle:pluginDescriptors UP-TO-DATE
[        ] Caching disabled for task ':gradle:pluginDescriptors' because:
[        ]   Build cache is disabled
[        ]   Not worth caching
[        ] Skipping task ':gradle:pluginDescriptors' as it is up-to-date.
[        ] Resolve mutations for :gradle:processResources (Thread[included builds,5,main]) started.
[        ] :gradle:processResources (Thread[included builds,5,main]) started.
[        ] > Task :gradle:processResources UP-TO-DATE
[        ] Caching disabled for task ':gradle:processResources' because:
[        ]   Build cache is disabled
[        ]   Not worth caching
[        ] Skipping task ':gradle:processResources' as it is up-to-date.
[        ] Resolve mutations for :gradle:classes (Thread[included builds,5,main]) started.
[        ] :gradle:classes (Thread[included builds,5,main]) started.
[        ] > Task :gradle:classes UP-TO-DATE
[        ] Skipping task ':gradle:classes' as it has no actions.
[        ] Resolve mutations for :gradle:jar (Thread[included builds,5,main]) started.
[        ] :gradle:jar (Thread[included builds,5,main]) started.
[        ] > Task :gradle:jar UP-TO-DATE
[        ] Caching disabled for task ':gradle:jar' because:
[        ]   Build cache is disabled
[        ]   Not worth caching
[        ] Skipping task ':gradle:jar' as it is up-to-date.
[+1095 ms] Settings evaluated using settings file '/home/ubuntu/kidsafe-guardian/flutter/apps/child_app/android/settings.gradle.kts'.
[        ] Projects loaded. Root project using build file '/home/ubuntu/kidsafe-guardian/flutter/apps/child_app/android/build.gradle.kts'.
[        ] Included projects: [root project 'android', project ':app', project ':cloud_firestore', project ':firebase_auth', project ':firebase_core', project ':firebase_messaging', project ':flutter_local_notifications', project ':flutter_webrtc', project ':geolocator_android', project ':jni', project ':jni_flutter', project ':kidsafe_android', project ':mobile_scanner', project ':package_info_plus', project ':permission_handler_android']
[+1999 ms] > Configure project :
[        ] Evaluating root project 'android' using build file '/home/ubuntu/kidsafe-guardian/flutter/apps/child_app/android/build.gradle.kts'.
[+1499 ms] > Configure project :app
[        ] Evaluating project ':app' using build file '/home/ubuntu/kidsafe-guardian/flutter/apps/child_app/android/app/build.gradle.kts'.
[        ] Resolved plugin [id: 'com.android.application']
[        ] Resolved plugin [id: 'com.google.gms.google-services']
[        ] Resolved plugin [id: 'dev.flutter.flutter-gradle-plugin']
[        ] WARNING: The option setting 'android.builtInKotlin=false' is deprecated.
[        ] The current default is 'true'.
[        ] It will be removed in version 10.0 of the Android Gradle plugin.
[        ] WARNING: The option setting 'android.newDsl=false' is deprecated.
[        ] The current default is 'true'.
[        ] It will be removed in version 10.0 of the Android Gradle plugin.
[        ] Using default execution profile
[        ] Build d825fdd8-c562-49bf-8eef-2676ecef1a78 is started
[        ] Using Kotlin Gradle Plugin gradle813 variant
[        ] Using Kotlin Gradle Plugin gradle813 variant
[        ] Using Kotlin Gradle Plugin gradle813 variant
[        ] Using Kotlin Gradle Plugin gradle813 variant
[        ] Using Kotlin Gradle Plugin gradle813 variant
[        ] Using Kotlin Gradle Plugin gradle813 variant
[        ] Using Kotlin Gradle Plugin gradle813 variant
[        ] Using Kotlin Gradle Plugin gradle813 variant
[        ] Using Kotlin Gradle Plugin gradle813 variant
[        ] Using Kotlin Gradle Plugin gradle813 variant
[        ] Using Kotlin Gradle Plugin gradle813 variant
[        ] Using Kotlin Gradle Plugin gradle813 variant
[        ] w: [33m[1m⚠️ Deprecated 'org.jetbrains.kotlin.android' plugin usage[0m[0m
[        ] The 'org.jetbrains.kotlin.android' plugin in project ':app' is no longer required for Kotlin support since AGP 9.0.
[        ] [32m[1mSolution:[0m[0m
[        ] [32m[3mRemove both `android.builtInKotlin=true` and `android.newDsl=false` from `gradle.properties`, then migrate to built-in Kotlin.[0m[0m
[        ] [36mSee [0m[34mhttps://kotl.in/gradle/agp-built-in-kotlin[0m[36m for more details.[0m
[+1495 ms] > Configure project :cloud_firestore
[        ] Evaluating project ':cloud_firestore' using build file '/home/ubuntu/.pub-cache/hosted/pub.dev/cloud_firestore-6.8.0/android/build.gradle'.
[        ] Using default execution profile
[        ] w: [33m[1m⚠️ Deprecated 'org.jetbrains.kotlin.android' plugin usage[0m[0m
[        ] The 'org.jetbrains.kotlin.android' plugin in project ':cloud_firestore' is no longer required for Kotlin support since AGP 9.0.
[        ] [32m[1mSolution:[0m[0m
[        ] [32m[3mRemove both `android.builtInKotlin=true` and `android.newDsl=false` from `gradle.properties`, then migrate to built-in Kotlin.[0m[0m
[        ] [36mSee [0m[34mhttps://kotl.in/gradle/agp-built-in-kotlin[0m[36m for more details.[0m
[ +197 ms] > Configure project :firebase_auth
[        ] Evaluating project ':firebase_auth' using build file '/home/ubuntu/.pub-cache/hosted/pub.dev/firebase_auth-6.5.7/android/build.gradle'.
[        ] Using default execution profile
[        ] w: [33m[1m⚠️ Deprecated 'org.jetbrains.kotlin.android' plugin usage[0m[0m
[        ] The 'org.jetbrains.kotlin.android' plugin in project ':firebase_auth' is no longer required for Kotlin support since AGP 9.0.
[        ] [32m[1mSolution:[0m[0m
[        ] [32m[3mRemove both `android.builtInKotlin=true` and `android.newDsl=false` from `gradle.properties`, then migrate to built-in Kotlin.[0m[0m
[        ] [36mSee [0m[34mhttps://kotl.in/gradle/agp-built-in-kotlin[0m[36m for more details.[0m
[ +299 ms] > Configure project :firebase_core
[        ] Evaluating project ':firebase_core' using build file '/home/ubuntu/.pub-cache/hosted/pub.dev/firebase_core-4.13.0/android/build.gradle'.
[        ] Using default execution profile
[        ] w: [33m[1m⚠️ Deprecated 'org.jetbrains.kotlin.android' plugin usage[0m[0m
[        ] The 'org.jetbrains.kotlin.android' plugin in project ':firebase_core' is no longer required for Kotlin support since AGP 9.0.
[        ] [32m[1mSolution:[0m[0m
[        ] [32m[3mRemove both `android.builtInKotlin=true` and `android.newDsl=false` from `gradle.properties`, then migrate to built-in Kotlin.[0m[0m
[        ] [36mSee [0m[34mhttps://kotl.in/gradle/agp-built-in-kotlin[0m[36m for more details.[0m
[ +198 ms] > Configure project :firebase_messaging
[        ] Evaluating project ':firebase_messaging' using build file '/home/ubuntu/.pub-cache/hosted/pub.dev/firebase_messaging-16.5.0/android/build.gradle'.
[        ] Using default execution profile
[        ] w: [33m[1m⚠️ Deprecated 'org.jetbrains.kotlin.android' plugin usage[0m[0m
[        ] The 'org.jetbrains.kotlin.android' plugin in project ':firebase_messaging' is no longer required for Kotlin support since AGP 9.0.
[        ] [32m[1mSolution:[0m[0m
[        ] [32m[3mRemove both `android.builtInKotlin=true` and `android.newDsl=false` from `gradle.properties`, then migrate to built-in Kotlin.[0m[0m
[        ] [36mSee [0m[34mhttps://kotl.in/gradle/agp-built-in-kotlin[0m[36m for more details.[0m
[ +598 ms] > Configure project :flutter_local_notifications
[        ] Evaluating project ':flutter_local_notifications' using build file '/home/ubuntu/.pub-cache/hosted/pub.dev/flutter_local_notifications-22.3.0/android/build.gradle'.
[        ] Using default execution profile
[        ] w: [33m[1m⚠️ Deprecated 'org.jetbrains.kotlin.android' plugin usage[0m[0m
[        ] The 'org.jetbrains.kotlin.android' plugin in project ':flutter_local_notifications' is no longer required for Kotlin support since AGP 9.0.
[        ] [32m[1mSolution:[0m[0m
[        ] [32m[3mRemove both `android.builtInKotlin=true` and `android.newDsl=false` from `gradle.properties`, then migrate to built-in Kotlin.[0m[0m
[        ] [36mSee [0m[34mhttps://kotl.in/gradle/agp-built-in-kotlin[0m[36m for more details.[0m
[ +699 ms] > Configure project :flutter_webrtc
[        ] Evaluating project ':flutter_webrtc' using build file '/home/ubuntu/.pub-cache/hosted/pub.dev/flutter_webrtc-1.6.0/android/build.gradle'.
[        ] Using default execution profile
[        ] Using Kotlin Gradle Plugin gradle813 variant
[        ] w: [33m[1m⚠️ Deprecated 'org.jetbrains.kotlin.android' plugin usage[0m[0m
[        ] The 'org.jetbrains.kotlin.android' plugin in project ':flutter_webrtc' is no longer required for Kotlin support since AGP 9.0.
[        ] [32m[1mSolution:[0m[0m
[        ] [32m[3mRemove both `android.builtInKotlin=true` and `android.newDsl=false` from `gradle.properties`, then migrate to built-in Kotlin.[0m[0m
[        ] [36mSee [0m[34mhttps://kotl.in/gradle/agp-built-in-kotlin[0m[36m for more details.[0m
[ +498 ms] > Configure project :geolocator_android
[        ] Evaluating project ':geolocator_android' using build file '/home/ubuntu/.pub-cache/hosted/pub.dev/geolocator_android-5.0.3/android/build.gradle'.
[        ] Using default execution profile
[        ] w: [33m[1m⚠️ Deprecated 'org.jetbrains.kotlin.android' plugin usage[0m[0m
[        ] The 'org.jetbrains.kotlin.android' plugin in project ':geolocator_android' is no longer required for Kotlin support since AGP 9.0.
[        ] [32m[1mSolution:[0m[0m
[        ] [32m[3mRemove both `android.builtInKotlin=true` and `android.newDsl=false` from `gradle.properties`, then migrate to built-in Kotlin.[0m[0m
[        ] [36mSee [0m[34mhttps://kotl.in/gradle/agp-built-in-kotlin[0m[36m for more details.[0m
[ +398 ms] > Configure project :jni
[        ] Evaluating project ':jni' using build file '/home/ubuntu/.pub-cache/hosted/pub.dev/jni-1.0.3/android/build.gradle'.
[        ] Using default execution profile
[        ] C/C++: android.ndkVersion from module build.gradle is [28.2.13676358]
[        ] C/C++: android.ndkPath from module build.gradle is not set
[        ] C/C++: ndk.dir in local.properties is not set
[        ] C/C++: Not considering ANDROID_NDK_HOME because support was removed after deprecation period.
[        ] C/C++: sdkFolder is /home/ubuntu/android-sdk
[        ] C/C++: android.ndkVersion from module build.gradle is [28.2.13676358]
[        ] C/C++: android.ndkPath from module build.gradle is not set
[        ] C/C++: ndk.dir in local.properties is not set
[        ] C/C++: Not considering ANDROID_NDK_HOME because support was removed after deprecation period.
[        ] C/C++: sdkFolder is /home/ubuntu/android-sdk
[        ] C/C++: android.ndkVersion from module build.gradle is [28.2.13676358]
[        ] C/C++: android.ndkPath from module build.gradle is not set
[        ] C/C++: ndk.dir in local.properties is not set
[        ] C/C++: Not considering ANDROID_NDK_HOME because support was removed after deprecation period.
[        ] C/C++: sdkFolder is /home/ubuntu/android-sdk
[        ] C/C++: android.ndkVersion from module build.gradle is [28.2.13676358]
[        ] C/C++: android.ndkPath from module build.gradle is not set
[        ] C/C++: ndk.dir in local.properties is not set
[        ] C/C++: Not considering ANDROID_NDK_HOME because support was removed after deprecation period.
[        ] C/C++: sdkFolder is /home/ubuntu/android-sdk
[        ] C/C++: android.ndkVersion from module build.gradle is [28.2.13676358]
[        ] C/C++: android.ndkPath from module build.gradle is not set
[        ] C/C++: ndk.dir in local.properties is not set
[        ] C/C++: Not considering ANDROID_NDK_HOME because support was removed after deprecation period.
[        ] C/C++: sdkFolder is /home/ubuntu/android-sdk
[        ] C/C++: android.ndkVersion from module build.gradle is [28.2.13676358]
[        ] C/C++: android.ndkPath from module build.gradle is not set
[        ] C/C++: ndk.dir in local.properties is not set
[        ] C/C++: Not considering ANDROID_NDK_HOME because support was removed after deprecation period.
[        ] C/C++: sdkFolder is /home/ubuntu/android-sdk
[        ] C/C++: android.ndkVersion from module build.gradle is [28.2.13676358]
[        ] C/C++: android.ndkPath from module build.gradle is not set
[        ] C/C++: ndk.dir in local.properties is not set
[        ] C/C++: Not considering ANDROID_NDK_HOME because support was removed after deprecation period.
[        ] C/C++: sdkFolder is /home/ubuntu/android-sdk
[        ] C/C++: android.ndkVersion from module build.gradle is [28.2.13676358]
[        ] C/C++: android.ndkPath from module build.gradle is not set
[        ] C/C++: ndk.dir in local.properties is not set
[        ] C/C++: Not considering ANDROID_NDK_HOME because support was removed after deprecation period.
[        ] C/C++: sdkFolder is /home/ubuntu/android-sdk
[        ] C/C++: android.ndkVersion from module build.gradle is [28.2.13676358]
[        ] C/C++: android.ndkPath from module build.gradle is not set
[        ] C/C++: ndk.dir in local.properties is not set
[        ] C/C++: Not considering ANDROID_NDK_HOME because support was removed after deprecation period.
[        ] C/C++: sdkFolder is /home/ubuntu/android-sdk
[        ] C/C++: android.ndkVersion from module build.gradle is [28.2.13676358]
[        ] C/C++: android.ndkPath from module build.gradle is not set
[        ] C/C++: ndk.dir in local.properties is not set
[        ] C/C++: Not considering ANDROID_NDK_HOME because support was removed after deprecation period.
[        ] C/C++: sdkFolder is /home/ubuntu/android-sdk
[        ] C/C++: android.ndkVersion from module build.gradle is [28.2.13676358]
[        ] C/C++: android.ndkPath from module build.gradle is not set
[        ] C/C++: ndk.dir in local.properties is not set
[        ] C/C++: Not considering ANDROID_NDK_HOME because support was removed after deprecation period.
[        ] C/C++: sdkFolder is /home/ubuntu/android-sdk
[        ] C/C++: android.ndkVersion from module build.gradle is [28.2.13676358]
[        ] C/C++: android.ndkPath from module build.gradle is not set
[        ] C/C++: ndk.dir in local.properties is not set
[        ] C/C++: Not considering ANDROID_NDK_HOME because support was removed after deprecation period.
[        ] C/C++: sdkFolder is /home/ubuntu/android-sdk
[        ] C/C++: android.ndkVersion from module build.gradle is [28.2.13676358]
[        ] C/C++: android.ndkPath from module build.gradle is not set
[        ] C/C++: ndk.dir in local.properties is not set
[        ] C/C++: Not considering ANDROID_NDK_HOME because support was removed after deprecation period.
[        ] C/C++: sdkFolder is /home/ubuntu/android-sdk
[        ] C/C++: android.ndkVersion from module build.gradle is [28.2.13676358]
[        ] C/C++: android.ndkPath from module build.gradle is not set
[        ] C/C++: ndk.dir in local.properties is not set
[        ] C/C++: Not considering ANDROID_NDK_HOME because support was removed after deprecation period.
[        ] C/C++: sdkFolder is /home/ubuntu/android-sdk
[        ] C/C++: android.ndkVersion from module build.gradle is [28.2.13676358]
[        ] C/C++: android.ndkPath from module build.gradle is not set
[        ] C/C++: ndk.dir in local.properties is not set
[        ] C/C++: Not considering ANDROID_NDK_HOME because support was removed after deprecation period.
[        ] C/C++: sdkFolder is /home/ubuntu/android-sdk
[        ] C/C++: android.ndkVersion from module build.gradle is [28.2.13676358]
[        ] C/C++: android.ndkPath from module build.gradle is not set
[        ] C/C++: ndk.dir in local.properties is not set
[        ] C/C++: Not considering ANDROID_NDK_HOME because support was removed after deprecation period.
[        ] C/C++: sdkFolder is /home/ubuntu/android-sdk
[        ] C/C++: android.ndkVersion from module build.gradle is [28.2.13676358]
[        ] C/C++: android.ndkPath from module build.gradle is not set
[        ] C/C++: ndk.dir in local.properties is not set
[        ] C/C++: Not considering ANDROID_NDK_HOME because support was removed after deprecation period.
[        ] C/C++: sdkFolder is /home/ubuntu/android-sdk
[        ] C/C++: android.ndkVersion from module build.gradle is [28.2.13676358]
[        ] C/C++: android.ndkPath from module build.gradle is not set
[        ] C/C++: ndk.dir in local.properties is not set
[        ] C/C++: Not considering ANDROID_NDK_HOME because support was removed after deprecation period.
[        ] C/C++: sdkFolder is /home/ubuntu/android-sdk
[        ] C/C++: android.ndkVersion from module build.gradle is [28.2.13676358]
[        ] C/C++: android.ndkPath from module build.gradle is not set
[        ] C/C++: ndk.dir in local.properties is not set
[        ] C/C++: Not considering ANDROID_NDK_HOME because support was removed after deprecation period.
[        ] C/C++: sdkFolder is /home/ubuntu/android-sdk
[        ] w: [33m[1m⚠️ Deprecated 'org.jetbrains.kotlin.android' plugin usage[0m[0m
[        ] The 'org.jetbrains.kotlin.android' plugin in project ':jni' is no longer required for Kotlin support since AGP 9.0.
[        ] [32m[1mSolution:[0m[0m
[        ] [32m[3mRemove both `android.builtInKotlin=true` and `android.newDsl=false` from `gradle.properties`, then migrate to built-in Kotlin.[0m[0m
[        ] [36mSee [0m[34mhttps://kotl.in/gradle/agp-built-in-kotlin[0m[36m for more details.[0m
[ +186 ms] > Configure project :jni_flutter
[        ] Evaluating project ':jni_flutter' using build file '/home/ubuntu/.pub-cache/hosted/pub.dev/jni_flutter-1.0.2/android/build.gradle'.
[        ] Using default execution profile
[        ] w: [33m[1m⚠️ Deprecated 'org.jetbrains.kotlin.android' plugin usage[0m[0m
[        ] The 'org.jetbrains.kotlin.android' plugin in project ':jni_flutter' is no longer required for Kotlin support since AGP 9.0.
[        ] [32m[1mSolution:[0m[0m
[        ] [32m[3mRemove both `android.builtInKotlin=true` and `android.newDsl=false` from `gradle.properties`, then migrate to built-in Kotlin.[0m[0m
[        ] [36mSee [0m[34mhttps://kotl.in/gradle/agp-built-in-kotlin[0m[36m for more details.[0m
[ +299 ms] > Configure project :kidsafe_android
[        ] Evaluating project ':kidsafe_android' using build file '/home/ubuntu/kidsafe-guardian/flutter/packages/kidsafe_android/android/build.gradle.kts'.
[        ] Resolved plugin [id: 'com.android.library']
[        ] Using default execution profile
[        ] w: [33m[1m⚠️ Deprecated 'org.jetbrains.kotlin.android' plugin usage[0m[0m
[        ] The 'org.jetbrains.kotlin.android' plugin in project ':kidsafe_android' is no longer required for Kotlin support since AGP 9.0.
[        ] [32m[1mSolution:[0m[0m
[        ] [32m[3mRemove both `android.builtInKotlin=true` and `android.newDsl=false` from `gradle.properties`, then migrate to built-in Kotlin.[0m[0m
[        ] [36mSee [0m[34mhttps://kotl.in/gradle/agp-built-in-kotlin[0m[36m for more details.[0m
[ +598 ms] > Configure project :mobile_scanner
[        ] Evaluating project ':mobile_scanner' using build file '/home/ubuntu/.pub-cache/hosted/pub.dev/mobile_scanner-7.4.0/android/build.gradle'.
[        ] Using default execution profile
[        ] Using Kotlin Gradle Plugin gradle813 variant
[        ] w: [33m[1m⚠️ Deprecated 'org.jetbrains.kotlin.android' plugin usage[0m[0m
[        ] The 'org.jetbrains.kotlin.android' plugin in project ':mobile_scanner' is no longer required for Kotlin support since AGP 9.0.
[        ] [32m[1mSolution:[0m[0m
[        ] [32m[3mRemove both `android.builtInKotlin=true` and `android.newDsl=false` from `gradle.properties`, then migrate to built-in Kotlin.[0m[0m
[        ] [36mSee [0m[34mhttps://kotl.in/gradle/agp-built-in-kotlin[0m[36m for more details.[0m
[ +398 ms] > Configure project :package_info_plus
[        ] Evaluating project ':package_info_plus' using build file '/home/ubuntu/.pub-cache/hosted/pub.dev/package_info_plus-10.2.1/android/build.gradle.kts'.
[        ] Resolved plugin [id: 'com.android.library']
[        ] Using default execution profile
[        ] w: [33m[1m⚠️ Deprecated 'org.jetbrains.kotlin.android' plugin usage[0m[0m
[        ] The 'org.jetbrains.kotlin.android' plugin in project ':package_info_plus' is no longer required for Kotlin support since AGP 9.0.
[        ] [32m[1mSolution:[0m[0m
[        ] [32m[3mRemove both `android.builtInKotlin=true` and `android.newDsl=false` from `gradle.properties`, then migrate to built-in Kotlin.[0m[0m
[        ] [36mSee [0m[34mhttps://kotl.in/gradle/agp-built-in-kotlin[0m[36m for more details.[0m
[ +398 ms] > Configure project :permission_handler_android
[        ] Evaluating project ':permission_handler_android' using build file '/home/ubuntu/.pub-cache/hosted/pub.dev/permission_handler_android-13.0.1/android/build.gradle'.
[        ] Using default execution profile
[        ] w: [33m[1m⚠️ Deprecated 'org.jetbrains.kotlin.android' plugin usage[0m[0m
[        ] The 'org.jetbrains.kotlin.android' plugin in project ':permission_handler_android' is no longer required for Kotlin support since AGP 9.0.
[        ] [32m[1mSolution:[0m[0m
[        ] [32m[3mRemove both `android.builtInKotlin=true` and `android.newDsl=false` from `gradle.properties`, then migrate to built-in Kotlin.[0m[0m
[        ] [36mSee [0m[34mhttps://kotl.in/gradle/agp-built-in-kotlin[0m[36m for more details.[0m
[        ] All projects evaluated.
[        ] Task name matched 'assembleDebug'
[        ] Selected primary task 'assembleDebug' from project :
[        ] WARNING: Your app uses the following plugins that apply Kotlin Gradle Plugin (KGP): flutter_webrtc, mobile_scanner
[   +1 ms] Future versions of Flutter will fail to build if your app uses plugins that apply KGP.
[        ] Please check the changelogs of these plugins and upgrade to a version that supports Built-in Kotlin.
[        ] If no such version exists, report the issue to the plugin. If necessary, here is a guide on filing
[        ] an issue against a plugin: https://docs.flutter.dev/release/breaking-changes/migrate-to-built-in-kotlin/for-app-developers#report-incompatible-kotlin-gradle-plugin-usage-to-plugin-authors
[        ] If you are a plugin author, please migrate your plugin to Built-in Kotlin using this guide: https://docs.flutter.dev/release/breaking-changes/migrate-to-built-in-kotlin/for-plugin-authors
[ +397 ms] Warning: SDK processing. This version only understands SDK XML versions up to 3 but an SDK XML file of version 4 was encountered. This can happen if you use versions of Android Studio and the command-line tools that were released at different times.
[  +98 ms] Adding -Xuse-inline-scopes-numbers Kotlin compiler flag for task :app:compileDebugKotlin
[+1401 ms] Adding -Xuse-inline-scopes-numbers Kotlin compiler flag for task :app:compileDebugAndroidTestKotlin
[        ] Adding -Xuse-inline-scopes-numbers Kotlin compiler flag for task :app:compileProfileKotlin
[ +303 ms] Tasks to be executed: [task ':app:DebugMinSdkCheck', task ':app:validateCompileSdkVersion', task ':app:preBuild', task ':app:preDebugBuild', task ':app:mergeDebugNativeDebugMetadata', task ':app:checkKotlinGradlePluginConfigurationErrors', task ':app:cleanMergeDebugAssets', task ':app:compileFlutterBuildDebug', task ':app:generateDebugAssets', task ':cloud_firestore:generateDebugAssets', task ':cloud_firestore:preBuild', task ':cloud_firestore:preDebugBuild', task ':cloud_firestore:mergeDebugAssets', task ':firebase_auth:generateDebugAssets', task ':firebase_auth:preBuild', task ':firebase_auth:preDebugBuild', task ':firebase_auth:mergeDebugAssets', task ':firebase_core:generateDebugAssets', task ':firebase_core:preBuild', task ':firebase_core:preDebugBuild', task ':firebase_core:mergeDebugAssets', task ':firebase_messaging:generateDebugAssets', task ':firebase_messaging:preBuild', task ':firebase_messaging:preDebugBuild', task ':firebase_messaging:mergeDebugAssets', task ':flutter_local_notifications:generateDebugAssets', task ':flutter_local_notifications:preBuild', task ':flutter_local_notifications:preDebugBuild', task ':flutter_local_notifications:mergeDebugAssets', task ':flutter_webrtc:generateDebugAssets', task ':flutter_webrtc:preBuild', task ':flutter_webrtc:preDebugBuild', task ':flutter_webrtc:mergeDebugAssets', task ':geolocator_android:generateDebugAssets', task ':geolocator_android:preBuild', task ':geolocator_android:preDebugBuild', task ':geolocator_android:mergeDebugAssets', task ':jni:generateDebugAssets', task ':jni:preBuild', task ':jni:preDebugBuild', task ':jni:mergeDebugAssets', task ':jni_flutter:generateDebugAssets', task ':jni_flutter:preBuild', task ':jni_flutter:preDebugBuild', task ':jni_flutter:mergeDebugAssets', task ':kidsafe_android:generateDebugAssets', task ':kidsafe_android:preBuild', task ':kidsafe_android:preDebugBuild', task ':kidsafe_android:mergeDebugAssets', task ':mobile_scanner:generateDebugAssets', task ':mobile_scanner:preBuild', task ':mobile_scanner:preDebugBuild', task ':mobile_scanner:mergeDebugAssets', task ':package_info_plus:generateDebugAssets', task ':package_info_plus:preBuild', task ':package_info_plus:preDebugBuild', task ':package_info_plus:mergeDebugAssets', task ':permission_handler_android:generateDebugAssets', task ':permission_handler_android:preBuild', task ':permission_handler_android:preDebugBuild', task ':permission_handler_android:mergeDebugAssets', task ':app:mergeDebugAssets', task ':app:copyFlutterAssetsDebug', task ':app:generateDebugResources', task ':app:processDebugGoogleServices', task ':app:packageDebugResources', task ':cloud_firestore:processDebugNavigationResources', task ':firebase_auth:processDebugNavigationResources', task ':firebase_core:processDebugNavigationResources', task ':firebase_messaging:processDebugNavigationResources', task ':flutter_local_notifications:processDebugNavigationResources', task ':flutter_webrtc:processDebugNavigationResources', task ':geolocator_android:processDebugNavigationResources', task ':jni:processDebugNavigationResources', task ':jni_flutter:processDebugNavigationResources', task ':kidsafe_android:processDebugNavigationResources', task ':mobile_scanner:processDebugNavigationResources', task ':package_info_plus:processDebugNavigationResources', task ':permission_handler_android:processDebugNavigationResources', task ':app:processDebugNavigationResources', task ':app:parseDebugLocalResources', task ':app:generateDebugRFile', task ':cloud_firestore:checkKotlinGradlePluginConfigurationErrors', task ':cloud_firestore:generateDebugBuildConfig', task ':cloud_firestore:generateDebugResources', task ':cloud_firestore:packageDebugResources', task ':cloud_firestore:parseDebugLocalResources', task ':cloud_firestore:generateDebugRFile', task ':firebase_core:checkKotlinGradlePluginConfigurationErrors', task ':firebase_core:generateDebugBuildConfig', task ':firebase_core:generateDebugResources', task ':firebase_core:packageDebugResources', task ':firebase_core:parseDebugLocalResources', task ':firebase_core:generateDebugRFile', task ':firebase_core:compileDebugKotlin', task ':firebase_core:javaPreCompileDebug', task ':firebase_core:compileDebugJavaWithJavac', task ':firebase_core:bundleLibCompileToJarDebug', task ':cloud_firestore:compileDebugKotlin', task ':cloud_firestore:javaPreCompileDebug', task ':cloud_firestore:compileDebugJavaWithJavac', task ':cloud_firestore:bundleLibCompileToJarDebug', task ':firebase_auth:checkKotlinGradlePluginConfigurationErrors', task ':firebase_auth:generateDebugBuildConfig', task ':firebase_auth:generateDebugResources', task ':firebase_auth:packageDebugResources', task ':firebase_auth:parseDebugLocalResources', task ':firebase_auth:generateDebugRFile', task ':firebase_auth:compileDebugKotlin', task ':firebase_auth:javaPreCompileDebug', task ':firebase_auth:compileDebugJavaWithJavac', task ':firebase_auth:bundleLibCompileToJarDebug', task ':firebase_messaging:checkKotlinGradlePluginConfigurationErrors', task ':firebase_messaging:generateDebugBuildConfig', task ':firebase_messaging:generateDebugResources', task ':firebase_messaging:packageDebugResources', task ':firebase_messaging:parseDebugLocalResources', task ':firebase_messaging:generateDebugRFile', task ':firebase_messaging:compileDebugKotlin', task ':firebase_messaging:javaPreCompileDebug', task ':firebase_messaging:compileDebugJavaWithJavac', task ':firebase_messaging:bundleLibCompileToJarDebug', task ':flutter_local_notifications:checkKotlinGradlePluginConfigurationErrors', task ':flutter_local_notifications:generateDebugResources', task ':flutter_local_notifications:packageDebugResources', task ':flutter_local_notifications:parseDebugLocalResources', task ':flutter_local_notifications:generateDebugRFile', task ':flutter_local_notifications:compileDebugKotlin', task ':flutter_local_notifications:javaPreCompileDebug', task ':flutter_local_notifications:compileDebugJavaWithJavac', task ':flutter_local_notifications:bundleLibCompileToJarDebug', task ':flutter_webrtc:checkKotlinGradlePluginConfigurationErrors', task ':flutter_webrtc:generateDebugResources', task ':flutter_webrtc:packageDebugResources', task ':flutter_webrtc:parseDebugLocalResources', task ':flutter_webrtc:generateDebugRFile', task ':flutter_webrtc:compileDebugKotlin', task ':flutter_webrtc:javaPreCompileDebug', task ':flutter_webrtc:compileDebugJavaWithJavac', task ':flutter_webrtc:bundleLibCompileToJarDebug', task ':geolocator_android:checkKotlinGradlePluginConfigurationErrors', task ':geolocator_android:generateDebugResources', task ':geolocator_android:packageDebugResources', task ':geolocator_android:parseDebugLocalResources', task ':geolocator_android:generateDebugRFile', task ':geolocator_android:compileDebugKotlin', task ':geolocator_android:javaPreCompileDebug', task ':geolocator_android:compileDebugJavaWithJavac', task ':geolocator_android:bundleLibCompileToJarDebug', task ':jni:checkKotlinGradlePluginConfigurationErrors', task ':jni:generateDebugResources', task ':jni:packageDebugResources', task ':jni:parseDebugLocalResources', task ':jni:generateDebugRFile', task ':jni:compileDebugKotlin', task ':jni:javaPreCompileDebug', task ':jni:compileDebugJavaWithJavac', task ':jni:bundleLibCompileToJarDebug', task ':jni_flutter:checkKotlinGradlePluginConfigurationErrors', task ':jni_flutter:generateDebugResources', task ':jni_flutter:packageDebugResources', task ':jni_flutter:parseDebugLocalResources', task ':jni_flutter:generateDebugRFile', task ':jni_flutter:compileDebugKotlin', task ':jni_flutter:javaPreCompileDebug', task ':jni_flutter:compileDebugJavaWithJavac', task ':jni_flutter:bundleLibCompileToJarDebug', task ':kidsafe_android:checkKotlinGradlePluginConfigurationErrors', task ':kidsafe_android:generateDebugResources', task ':kidsafe_android:packageDebugResources', task ':kidsafe_android:parseDebugLocalResources', task ':kidsafe_android:generateDebugRFile', task ':kidsafe_android:compileDebugKotlin', task ':kidsafe_android:javaPreCompileDebug', task ':kidsafe_android:compileDebugJavaWithJavac', task ':kidsafe_android:bundleLibCompileToJarDebug', task ':mobile_scanner:checkKotlinGradlePluginConfigurationErrors', task ':mobile_scanner:generateDebugResources', task ':mobile_scanner:packageDebugResources', task ':mobile_scanner:parseDebugLocalResources', task ':mobile_scanner:generateDebugRFile', task ':mobile_scanner:compileDebugKotlin', task ':mobile_scanner:javaPreCompileDebug', task ':mobile_scanner:compileDebugJavaWithJavac', task ':mobile_scanner:bundleLibCompileToJarDebug', task ':package_info_plus:checkKotlinGradlePluginConfigurationErrors', task ':package_info_plus:generateDebugResources', task ':package_info_plus:packageDebugResources', task ':package_info_plus:parseDebugLocalResources', task ':package_info_plus:generateDebugRFile', task ':package_info_plus:compileDebugKotlin', task ':package_info_plus:javaPreCompileDebug', task ':package_info_plus:compileDebugJavaWithJavac', task ':package_info_plus:bundleLibCompileToJarDebug', task ':permission_handler_android:checkKotlinGradlePluginConfigurationErrors', task ':permission_handler_android:generateDebugResources', task ':permission_handler_android:packageDebugResources', task ':permission_handler_android:parseDebugLocalResources', task ':permission_handler_android:generateDebugRFile', task ':permission_handler_android:compileDebugKotlin', task ':permission_handler_android:javaPreCompileDebug', task ':permission_handler_android:compileDebugJavaWithJavac', task ':permission_handler_android:bundleLibCompileToJarDebug', task ':app:compileDebugKotlin', task ':app:javaPreCompileDebug', task ':app:compileDebugJavaWithJavac', task ':app:compressDebugAssets', task ':cloud_firestore:bundleLibRuntimeToJarDebug', task ':firebase_auth:bundleLibRuntimeToJarDebug', task ':firebase_messaging:bundleLibRuntimeToJarDebug', task ':firebase_core:bundleLibRuntimeToJarDebug', task ':flutter_local_notifications:bundleLibRuntimeToJarDebug', task ':flutter_webrtc:bundleLibRuntimeToJarDebug', task ':geolocator_android:bundleLibRuntimeToJarDebug', task ':jni_flutter:bundleLibRuntimeToJarDebug', task ':jni:bundleLibRuntimeToJarDebug', task ':kidsafe_android:bundleLibRuntimeToJarDebug', task ':mobile_scanner:bundleLibRuntimeToJarDebug', task ':package_info_plus:bundleLibRuntimeToJarDebug', task ':permission_handler_android:bundleLibRuntimeToJarDebug', task ':app:desugarDebugFileDependencies', task ':cloud_firestore:writeDebugAarMetadata', task ':firebase_auth:writeDebugAarMetadata', task ':firebase_core:writeDebugAarMetadata', task ':firebase_messaging:writeDebugAarMetadata', task ':flutter_local_notifications:writeDebugAarMetadata', task ':flutter_webrtc:writeDebugAarMetadata', task ':geolocator_android:writeDebugAarMetadata', task ':jni:writeDebugAarMetadata', task ':jni_flutter:writeDebugAarMetadata', task ':kidsafe_android:writeDebugAarMetadata', task ':mobile_scanner:writeDebugAarMetadata', task ':package_info_plus:writeDebugAarMetadata', task ':permission_handler_android:writeDebugAarMetadata', task ':app:checkDebugAarMetadata', task ':app:mapDebugSourceSetPaths', task ':app:compileDebugNavigationResources', task ':app:mergeDebugResources', task ':app:createDebugCompatibleScreenManifests', task ':app:extractDeepLinksDebug', task ':cloud_firestore:extractDeepLinksDebug', task ':cloud_firestore:processDebugManifest', task ':firebase_auth:extractDeepLinksDebug', task ':firebase_auth:processDebugManifest', task ':firebase_core:extractDeepLinksDebug', task ':firebase_core:processDebugManifest', task ':firebase_messaging:extractDeepLinksDebug', task ':firebase_messaging:processDebugManifest', task ':flutter_local_notifications:extractDeepLinksDebug', task ':flutter_local_notifications:processDebugManifest', task ':flutter_webrtc:extractDeepLinksDebug', task ':flutter_webrtc:processDebugManifest', task ':geolocator_android:extractDeepLinksDebug', task ':geolocator_android:processDebugManifest', task ':jni:extractDeepLinksDebug', task ':jni:processDebugManifest', task ':jni_flutter:extractDeepLinksDebug', task ':jni_flutter:processDebugManifest', task ':kidsafe_android:extractDeepLinksDebug', task ':kidsafe_android:processDebugManifest', task ':mobile_scanner:extractDeepLinksDebug', task ':mobile_scanner:processDebugManifest', task ':package_info_plus:extractDeepLinksDebug', task ':package_info_plus:processDebugManifest', task ':permission_handler_android:extractDeepLinksDebug', task ':permission_handler_android:processDebugManifest', task ':app:processDebugMainManifest', task ':app:outputDebugAppLinkSettings', task ':app:processDebugManifest', task ':app:processDebugManifestForPackage', task ':cloud_firestore:mapDebugSourceSetPaths', task ':cloud_firestore:compileDebugLibraryResources', task ':firebase_auth:mapDebugSourceSetPaths', task ':firebase_auth:compileDebugLibraryResources', task ':firebase_core:mapDebugSourceSetPaths', task ':firebase_core:compileDebugLibraryResources', task ':firebase_messaging:mapDebugSourceSetPaths', task ':firebase_messaging:compileDebugLibraryResources', task ':flutter_local_notifications:mapDebugSourceSetPaths', task ':flutter_local_notifications:compileDebugLibraryResources', task ':flutter_webrtc:mapDebugSourceSetPaths', task ':flutter_webrtc:compileDebugLibraryResources', task ':geolocator_android:mapDebugSourceSetPaths', task ':geolocator_android:compileDebugLibraryResources', task ':jni:mapDebugSourceSetPaths', task ':jni:compileDebugLibraryResources', task ':jni_flutter:mapDebugSourceSetPaths', task ':jni_flutter:compileDebugLibraryResources', task ':kidsafe_android:mapDebugSourceSetPaths', task ':kidsafe_android:compileDebugLibraryResources', task ':mobile_scanner:mapDebugSourceSetPaths', task ':mobile_scanner:compileDebugLibraryResources', task ':package_info_plus:mapDebugSourceSetPaths', task ':package_info_plus:compileDebugLibraryResources', task ':permission_handler_android:mapDebugSourceSetPaths', task ':permission_handler_android:compileDebugLibraryResources', task ':app:processDebugResources', task ':app:dexBuilderDebug', task ':app:mergeDebugGlobalSynthetics', task ':app:processDebugJavaRes', task ':cloud_firestore:processDebugJavaRes', task ':firebase_auth:processDebugJavaRes', task ':firebase_core:processDebugJavaRes', task ':firebase_messaging:processDebugJavaRes', task ':flutter_local_notifications:processDebugJavaRes', task ':flutter_webrtc:processDebugJavaRes', task ':geolocator_android:processDebugJavaRes', task ':jni:processDebugJavaRes', task ':jni_flutter:processDebugJavaRes', task ':kidsafe_android:processDebugJavaRes', task ':mobile_scanner:processDebugJavaRes', task ':package_info_plus:processDebugJavaRes', task ':permission_handler_android:processDebugJavaRes', task ':app:mergeDebugJavaResource', task ':app:checkDebugDuplicateClasses', task ':app:mergeExtDexDebug', task ':cloud_firestore:bundleLibRuntimeToDirDebug', task ':firebase_auth:bundleLibRuntimeToDirDebug', task ':firebase_messaging:bundleLibRuntimeToDirDebug', task ':firebase_core:bundleLibRuntimeToDirDebug', task ':flutter_local_notifications:bundleLibRuntimeToDirDebug', task ':flutter_webrtc:bundleLibRuntimeToDirDebug', task ':geolocator_android:bundleLibRuntimeToDirDebug', task ':jni_flutter:bundleLibRuntimeToDirDebug', task ':jni:bundleLibRuntimeToDirDebug', task ':kidsafe_android:bundleLibRuntimeToDirDebug', task ':mobile_scanner:bundleLibRuntimeToDirDebug', task ':package_info_plus:bundleLibRuntimeToDirDebug', task ':permission_handler_android:bundleLibRuntimeToDirDebug', task ':app:mergeLibDexDebug', task ':app:mergeProjectDexDebug', task ':app:copyJniLibsflutterBuildDebug', task ':app:mergeDebugJniLibFolders', task ':cloud_firestore:mergeDebugJniLibFolders', task ':cloud_firestore:mergeDebugNativeLibs', task ':cloud_firestore:copyDebugJniLibsProjectOnly', task ':firebase_auth:mergeDebugJniLibFolders', task ':firebase_auth:mergeDebugNativeLibs', task ':firebase_auth:copyDebugJniLibsProjectOnly', task ':firebase_core:mergeDebugJniLibFolders', task ':firebase_core:mergeDebugNativeLibs', task ':firebase_core:copyDebugJniLibsProjectOnly', task ':firebase_messaging:mergeDebugJniLibFolders', task ':firebase_messaging:mergeDebugNativeLibs', task ':firebase_messaging:copyDebugJniLibsProjectOnly', task ':flutter_local_notifications:mergeDebugJniLibFolders', task ':flutter_local_notifications:mergeDebugNativeLibs', task ':flutter_local_notifications:copyDebugJniLibsProjectOnly', task ':flutter_webrtc:mergeDebugJniLibFolders', task ':flutter_webrtc:mergeDebugNativeLibs', task ':flutter_webrtc:copyDebugJniLibsProjectOnly', task ':geolocator_android:mergeDebugJniLibFolders', task ':geolocator_android:mergeDebugNativeLibs', task ':geolocator_android:copyDebugJniLibsProjectOnly', task ':jni:preProfileBuild', task ':jni:configureCMakeDebug[arm64-v8a]', task ':jni:buildCMakeDebug[arm64-v8a]', task ':jni:configureCMakeDebug[armeabi-v7a]', task ':jni:buildCMakeDebug[armeabi-v7a]', task ':jni:configureCMakeDebug[x86]', task ':jni:buildCMakeDebug[x86]', task ':jni:configureCMakeDebug[x86_64]', task ':jni:buildCMakeDebug[x86_64]', task ':jni:mergeDebugJniLibFolders', task ':jni:mergeDebugNativeLibs', task ':jni:copyDebugJniLibsProjectOnly', task ':jni_flutter:mergeDebugJniLibFolders', task ':jni_flutter:mergeDebugNativeLibs', task ':jni_flutter:copyDebugJniLibsProjectOnly', task ':kidsafe_android:mergeDebugJniLibFolders', task ':kidsafe_android:mergeDebugNativeLibs', task ':kidsafe_android:copyDebugJniLibsProjectOnly', task ':mobile_scanner:mergeDebugJniLibFolders', task ':mobile_scanner:mergeDebugNativeLibs', task ':mobile_scanner:copyDebugJniLibsProjectOnly', task ':package_info_plus:mergeDebugJniLibFolders', task ':package_info_plus:mergeDebugNativeLibs', task ':package_info_plus:copyDebugJniLibsProjectOnly', task ':permission_handler_android:mergeDebugJniLibFolders', task ':permission_handler_android:mergeDebugNativeLibs', task ':permission_handler_android:copyDebugJniLibsProjectOnly', task ':app:mergeDebugNativeLibs', task ':app:stripDebugDebugSymbols', task ':app:validateSigningDebug', task ':app:writeDebugAppMetadata', task ':app:writeDebugSigningConfigVersions', task ':app:packageDebug', task ':app:createDebugApkListingFileRedirect', task ':app:assembleDebug', task ':cloud_firestore:checkDebugAarMetadata', task ':cloud_firestore:stripDebugDebugSymbols', task ':cloud_firestore:copyDebugJniLibsProjectAndLocalJars', task ':cloud_firestore:extractDebugAnnotations', task ':cloud_firestore:extractDeepLinksForAarDebug', task ':cloud_firestore:mergeDebugGeneratedProguardFiles', task ':cloud_firestore:mergeDebugConsumerProguardFiles', task ':cloud_firestore:prepareDebugArtProfile', task ':cloud_firestore:prepareLintJarForPublish', task ':cloud_firestore:mergeDebugJavaResource', task ':cloud_firestore:syncDebugLibJars', task ':cloud_firestore:bundleDebugAar', task ':cloud_firestore:assembleDebug', task ':firebase_auth:checkDebugAarMetadata', task ':firebase_auth:stripDebugDebugSymbols', task ':firebase_auth:copyDebugJniLibsProjectAndLocalJars', task ':firebase_auth:extractDebugAnnotations', task ':firebase_auth:extractDeepLinksForAarDebug', task ':firebase_auth:mergeDebugGeneratedProguardFiles', task ':firebase_auth:mergeDebugConsumerProguardFiles', task ':firebase_auth:prepareDebugArtProfile', task ':firebase_auth:prepareLintJarForPublish', task ':firebase_auth:mergeDebugJavaResource', task ':firebase_auth:syncDebugLibJars', task ':firebase_auth:bundleDebugAar', task ':firebase_auth:assembleDebug', task ':firebase_core:checkDebugAarMetadata', task ':firebase_core:stripDebugDebugSymbols', task ':firebase_core:copyDebugJniLibsProjectAndLocalJars', task ':firebase_core:extractDebugAnnotations', task ':firebase_core:extractDeepLinksForAarDebug', task ':firebase_core:mergeDebugGeneratedProguardFiles', task ':firebase_core:mergeDebugConsumerProguardFiles', task ':firebase_core:prepareDebugArtProfile', task ':firebase_core:prepareLintJarForPublish', task ':firebase_core:mergeDebugJavaResource', task ':firebase_core:syncDebugLibJars', task ':firebase_core:bundleDebugAar', task ':firebase_core:assembleDebug', task ':firebase_messaging:checkDebugAarMetadata', task ':firebase_messaging:stripDebugDebugSymbols', task ':firebase_messaging:copyDebugJniLibsProjectAndLocalJars', task ':firebase_messaging:extractDebugAnnotations', task ':firebase_messaging:extractDeepLinksForAarDebug', task ':firebase_messaging:mergeDebugGeneratedProguardFiles', task ':firebase_messaging:mergeDebugConsumerProguardFiles', task ':firebase_messaging:prepareDebugArtProfile', task ':firebase_messaging:prepareLintJarForPublish', task ':firebase_messaging:mergeDebugJavaResource', task ':firebase_messaging:syncDebugLibJars', task ':firebase_messaging:bundleDebugAar', task ':firebase_messaging:assembleDebug', task ':flutter_local_notifications:checkDebugAarMetadata', task ':flutter_local_notifications:stripDebugDebugSymbols', task ':flutter_local_notifications:copyDebugJniLibsProjectAndLocalJars', task ':flutter_local_notifications:extractDebugAnnotations', task ':flutter_local_notifications:extractDeepLinksForAarDebug', task ':flutter_local_notifications:mergeDebugGeneratedProguardFiles', task ':flutter_local_notifications:mergeDebugConsumerProguardFiles', task ':flutter_local_notifications:prepareDebugArtProfile', task ':flutter_local_notifications:prepareLintJarForPublish', task ':flutter_local_notifications:mergeDebugJavaResource', task ':flutter_local_notifications:syncDebugLibJars', task ':flutter_local_notifications:bundleDebugAar', task ':flutter_local_notifications:assembleDebug', task ':flutter_webrtc:checkDebugAarMetadata', task ':flutter_webrtc:stripDebugDebugSymbols', task ':flutter_webrtc:copyDebugJniLibsProjectAndLocalJars', task ':flutter_webrtc:extractDebugAnnotations', task ':flutter_webrtc:extractDeepLinksForAarDebug', task ':flutter_webrtc:mergeDebugGeneratedProguardFiles', task ':flutter_webrtc:mergeDebugConsumerProguardFiles', task ':flutter_webrtc:prepareDebugArtProfile', task ':flutter_webrtc:prepareLintJarForPublish', task ':flutter_webrtc:mergeDebugJavaResource', task ':flutter_webrtc:syncDebugLibJars', task ':flutter_webrtc:bundleDebugAar', task ':flutter_webrtc:assembleDebug', task ':geolocator_android:checkDebugAarMetadata', task ':geolocator_android:stripDebugDebugSymbols', task ':geolocator_android:copyDebugJniLibsProjectAndLocalJars', task ':geolocator_android:extractDebugAnnotations', task ':geolocator_android:extractDeepLinksForAarDebug', task ':geolocator_android:mergeDebugGeneratedProguardFiles', task ':geolocator_android:mergeDebugConsumerProguardFiles', task ':geolocator_android:prepareDebugArtProfile', task ':geolocator_android:prepareLintJarForPublish', task ':geolocator_android:mergeDebugJavaResource', task ':geolocator_android:syncDebugLibJars', task ':geolocator_android:bundleDebugAar', task ':geolocator_android:assembleDebug', task ':jni:checkDebugAarMetadata', task ':jni:stripDebugDebugSymbols', task ':jni:copyDebugJniLibsProjectAndLocalJars', task ':jni:extractDebugAnnotations', task ':jni:extractDeepLinksForAarDebug', task ':jni:mergeDebugGeneratedProguardFiles', task ':jni:mergeDebugConsumerProguardFiles', task ':jni:prepareDebugArtProfile', task ':jni:prepareLintJarForPublish', task ':jni:mergeDebugJavaResource', task ':jni:syncDebugLibJars', task ':jni:bundleDebugAar', task ':jni:assembleDebug', task ':jni_flutter:checkDebugAarMetadata', task ':jni_flutter:stripDebugDebugSymbols', task ':jni_flutter:copyDebugJniLibsProjectAndLocalJars', task ':jni_flutter:extractDebugAnnotations', task ':jni_flutter:extractDeepLinksForAarDebug', task ':jni_flutter:mergeDebugGeneratedProguardFiles', task ':jni_flutter:mergeDebugConsumerProguardFiles', task ':jni_flutter:prepareDebugArtProfile', task ':jni_flutter:prepareLintJarForPublish', task ':jni_flutter:mergeDebugJavaResource', task ':jni_flutter:syncDebugLibJars', task ':jni_flutter:bundleDebugAar', task ':jni_flutter:assembleDebug', task ':kidsafe_android:checkDebugAarMetadata', task ':kidsafe_android:stripDebugDebugSymbols', task ':kidsafe_android:copyDebugJniLibsProjectAndLocalJars', task ':kidsafe_android:extractDebugAnnotations', task ':kidsafe_android:extractDeepLinksForAarDebug', task ':kidsafe_android:mergeDebugGeneratedProguardFiles', task ':kidsafe_android:mergeDebugConsumerProguardFiles', task ':kidsafe_android:prepareDebugArtProfile', task ':kidsafe_android:prepareLintJarForPublish', task ':kidsafe_android:mergeDebugJavaResource', task ':kidsafe_android:syncDebugLibJars', task ':kidsafe_android:bundleDebugAar', task ':kidsafe_android:assembleDebug', task ':mobile_scanner:checkDebugAarMetadata', task ':mobile_scanner:stripDebugDebugSymbols', task ':mobile_scanner:copyDebugJniLibsProjectAndLocalJars', task ':mobile_scanner:extractDebugAnnotations', task ':mobile_scanner:extractDeepLinksForAarDebug', task ':mobile_scanner:mergeDebugGeneratedProguardFiles', task ':mobile_scanner:mergeDebugConsumerProguardFiles', task ':mobile_scanner:prepareDebugArtProfile', task ':mobile_scanner:prepareLintJarForPublish', task ':mobile_scanner:mergeDebugJavaResource', task ':mobile_scanner:syncDebugLibJars', task ':mobile_scanner:bundleDebugAar', task ':mobile_scanner:assembleDebug', task ':package_info_plus:checkDebugAarMetadata', task ':package_info_plus:stripDebugDebugSymbols', task ':package_info_plus:copyDebugJniLibsProjectAndLocalJars', task ':package_info_plus:extractDebugAnnotations', task ':package_info_plus:extractDeepLinksForAarDebug', task ':package_info_plus:mergeDebugGeneratedProguardFiles', task ':package_info_plus:mergeDebugConsumerProguardFiles', task ':package_info_plus:prepareDebugArtProfile', task ':package_info_plus:prepareLintJarForPublish', task ':package_info_plus:mergeDebugJavaResource', task ':package_info_plus:syncDebugLibJars', task ':package_info_plus:bundleDebugAar', task ':package_info_plus:assembleDebug', task ':permission_handler_android:checkDebugAarMetadata', task ':permission_handler_android:stripDebugDebugSymbols', task ':permission_handler_android:copyDebugJniLibsProjectAndLocalJars', task ':permission_handler_android:extractDebugAnnotations', task ':permission_handler_android:extractDeepLinksForAarDebug', task ':permission_handler_android:mergeDebugGeneratedProguardFiles', task ':permission_handler_android:mergeDebugConsumerProguardFiles', task ':permission_handler_android:prepareDebugArtProfile', task ':permission_handler_android:prepareLintJarForPublish', task ':permission_handler_android:mergeDebugJavaResource', task ':permission_handler_android:syncDebugLibJars', task ':permission_handler_android:bundleDebugAar', task ':permission_handler_android:assembleDebug']
[        ] Tasks that were excluded: []
[        ] work action Parameters of IdentityTransform (Thread[included builds,5,main]) started.
[        ] work action Parameters of DexingNoClasspathTransform (Thread[included builds,5,main]) started.
[        ] work action Parameters of DexingOutputSplitTransform (Thread[included builds,5,main]) started.
[        ] work action Parameters of ClassesDirToClassesTransform (Thread[included builds,5,main]) started.
[        ] work action Parameters of DexingOutputSplitTransform (Thread[included builds,5,main]) started.
[        ] Resolve mutations for :app:DebugMinSdkCheck (Thread[included builds,5,main]) started.
[        ] :app:DebugMinSdkCheck (Thread[included builds,5,main]) started.
[        ] > Task :app:DebugMinSdkCheck
[        ] Caching disabled for task ':app:DebugMinSdkCheck' because:
[        ]   Build cache is disabled
[        ] Task ':app:DebugMinSdkCheck' is not up-to-date because:
[        ]   Task has not declared any outputs despite executing actions.
[        ] Resolve mutations for :app:validateCompileSdkVersion (Thread[included builds,5,main]) started.
[        ] :app:validateCompileSdkVersion (Thread[included builds,5,main]) started.
[        ] > Task :app:validateCompileSdkVersion
[        ] Caching disabled for task ':app:validateCompileSdkVersion' because:
[        ]   Build cache is disabled
[        ] Task ':app:validateCompileSdkVersion' is not up-to-date because:
[        ]   Task has not declared any outputs despite executing actions.
[        ] Resolve mutations for :app:preBuild (Thread[included builds,5,main]) started.
[        ] :app:preBuild (Thread[included builds,5,main]) started.
[        ] > Task :app:preBuild
[        ] Skipping task ':app:preBuild' as it has no actions.
[        ] Resolve mutations for :app:preDebugBuild (Thread[included builds,5,main]) started.
[        ] :app:preDebugBuild (Thread[included builds,5,main]) started.
[        ] > Task :app:preDebugBuild
[        ] Skipping task ':app:preDebugBuild' as it has no actions.
[        ] Resolve mutations for :app:mergeDebugNativeDebugMetadata (Thread[included builds,5,main]) started.
[        ] :app:mergeDebugNativeDebugMetadata (Thread[included builds,5,main]) started.
[        ] > Task :app:mergeDebugNativeDebugMetadata NO-SOURCE
[        ] Skipping task ':app:mergeDebugNativeDebugMetadata' as it has no source files and no previous output files.
[        ] Resolve mutations for :app:checkKotlinGradlePluginConfigurationErrors (Thread[included builds,5,main]) started.
[        ] :app:checkKotlinGradlePluginConfigurationErrors (Thread[included builds,5,main]) started.
[        ] > Task :app:checkKotlinGradlePluginConfigurationErrors SKIPPED
[        ] Skipping task ':app:checkKotlinGradlePluginConfigurationErrors' as task onlyIf 'errorDiagnostics are present' is false.
[        ] Resolve mutations for :app:cleanMergeDebugAssets (Thread[included builds,5,main]) started.
[        ] :app:cleanMergeDebugAssets (Thread[included builds,5,main]) started.
[        ] > Task :app:cleanMergeDebugAssets UP-TO-DATE
[        ] Caching disabled for task ':app:cleanMergeDebugAssets' because:
[        ]   Build cache is disabled
[        ] Task ':app:cleanMergeDebugAssets' is not up-to-date because:
[        ]   Task has not declared any outputs despite executing actions.
[        ] Resolve mutations for :app:compileFlutterBuildDebug (Thread[included builds,5,main]) started.
[        ] :app:compileFlutterBuildDebug (Thread[included builds,5,main]) started.
[+1988 ms] > Task :app:compileFlutterBuildDebug
[        ] Caching disabled for task ':app:compileFlutterBuildDebug' because:
[        ]   Build cache is disabled
[        ]   Caching has not been enabled for the task
[        ] Task ':app:compileFlutterBuildDebug' is not up-to-date because:
[        ]   Task has failed previously.
[        ] Starting process 'command '/home/ubuntu/flutter/bin/flutter''. Working directory: /home/ubuntu/kidsafe-guardian/flutter/apps/child_app Command: /home/ubuntu/flutter/bin/flutter --verbose assemble --no-version-check --depfile /home/ubuntu/kidsafe-guardian/flutter/apps/child_app/build/app/intermediates/flutter/debug/flutter_build.d --output /home/ubuntu/kidsafe-guardian/flutter/apps/child_app/build/app/intermediates/flutter/debug -dTargetFile=lib/main.dart -dTargetPlatform=android -dBuildMode=debug -dTrackWidgetCreation=true --DartDefines=RkxVVFRFUl9CVUlMRF9OQU1FPTEuMC4w,RkxVVFRFUl9CVUlMRF9OVU1CRVI9MQ==,RkxVVFRFUl9WRVJTSU9OPTMuNDcuMA==,RkxVVFRFUl9DSEFOTkVMPXN0YWJsZQ==,RkxVVFRFUl9HSVRfVVJMPWh0dHBzOi8vZ2l0aHViLmNvbS9mbHV0dGVyL2ZsdXR0ZXIuZ2l0,RkxVVFRFUl9GUkFNRVdPUktfUkVWSVNJT049NGNmMjQxNjQyNg==,RkxVVFRFUl9FTkdJTkVfUkVWSVNJT049NWY3NzYyNTY3Mw==,RkxVVFRFUl9EQVJUX1ZFUlNJT049My4xMy4w -dFlavor= -dAndroidArchs=android-arm android-arm64 android-x64 -dMinSdkVersion=24 debug_android_application
[        ] Successfully started process 'command '/home/ubuntu/flutter/bin/flutter''
[        ] [  +54 ms] Artifact Instance of 'MaterialFonts' is not required, skipping update.
[        ] [        ] Artifact Instance of 'GradleWrapper' is not required, skipping update.
[        ] [        ] Artifact Instance of 'AndroidGenSnapshotArtifacts' is not required, skipping update.
[        ] [        ] Artifact Instance of 'AndroidInternalBuildArtifacts' is not required, skipping update.
[        ] [        ] Artifact Instance of 'IOSEngineArtifacts' is not required, skipping update.
[        ] [        ] Artifact Instance of 'FlutterWebSdk' is not required, skipping update.
[        ] [        ] Artifact Instance of 'LegacyCanvasKitRemover' is not required, skipping update.
[        ] [        ] Artifact Instance of 'FlutterSdk' is not required, skipping update.
[        ] [        ] Artifact Instance of 'WindowsEngineArtifacts' is not required, skipping update.
[        ] [        ] Artifact Instance of 'MacOSEngineArtifacts' is not required, skipping update.
[        ] [        ] Artifact Instance of 'LinuxEngineArtifacts' is not required, skipping update.
[        ] [        ] Artifact Instance of 'LinuxFuchsiaSDKArtifacts' is not required, skipping update.
[        ] [        ] Artifact Instance of 'MacOSFuchsiaSDKArtifacts' is not required, skipping update.
[        ] [        ] Artifact Instance of 'FlutterRunnerSDKArtifacts' is not required, skipping update.
[        ] [        ] Artifact Instance of 'FlutterRunnerDebugSymbols' is not required, skipping update.
[        ] [        ] Artifact Instance of 'IosUsbArtifacts' is not required, skipping update.
[        ] [        ] Artifact Instance of 'IosUsbArtifacts' is not required, skipping update.
[        ] [        ] Artifact Instance of 'IosUsbArtifacts' is not required, skipping update.
[        ] [        ] Artifact Instance of 'IosUsbArtifacts' is not required, skipping update.
[        ] [        ] Artifact Instance of 'IosUsbArtifacts' is not required, skipping update.
[        ] [        ] Artifact Instance of 'IosUsbArtifacts' is not required, skipping update.
[        ] [        ] Artifact Instance of 'FontSubsetArtifacts' is not required, skipping update.
[        ] [        ] Artifact Instance of 'PubDependencies' is not required, skipping update.
[        ] [  +10 ms] Artifact Instance of 'AndroidGenSnapshotArtifacts' is not required, skipping update.
[        ] [        ] Artifact Instance of 'AndroidInternalBuildArtifacts' is not required, skipping update.
[        ] [        ] Artifact Instance of 'IOSEngineArtifacts' is not required, skipping update.
[        ] [        ] Artifact Instance of 'FlutterWebSdk' is not required, skipping update.
[        ] [        ] Artifact Instance of 'FlutterEngineStamp' is not required, skipping update.
[        ] [        ] Artifact Instance of 'LegacyCanvasKitRemover' is not required, skipping update.
[        ] [   +1 ms] Artifact Instance of 'WindowsEngineArtifacts' is not required, skipping update.
[        ] [        ] Artifact Instance of 'MacOSEngineArtifacts' is not required, skipping update.
[        ] [        ] Artifact Instance of 'LinuxEngineArtifacts' is not required, skipping update.
[        ] [        ] Artifact Instance of 'LinuxFuchsiaSDKArtifacts' is not required, skipping update.
[        ] [        ] Artifact Instance of 'MacOSFuchsiaSDKArtifacts' is not required, skipping update.
[        ] [        ] Artifact Instance of 'FlutterRunnerSDKArtifacts' is not required, skipping update.
[        ] [        ] Artifact Instance of 'FlutterRunnerDebugSymbols' is not required, skipping update.
[        ] [  +52 ms] Artifact Instance of 'MaterialFonts' is not required, skipping update.
[        ] [        ] Artifact Instance of 'GradleWrapper' is not required, skipping update.
[        ] [   +1 ms] Artifact Instance of 'AndroidInternalBuildArtifacts' is not required, skipping update.
[        ] [        ] Artifact Instance of 'IOSEngineArtifacts' is not required, skipping update.
[        ] [        ] Artifact Instance of 'FlutterWebSdk' is not required, skipping update.
[        ] [        ] Artifact Instance of 'FlutterEngineStamp' is not required, skipping update.
[        ] [        ] Artifact Instance of 'LegacyCanvasKitRemover' is not required, skipping update.
[        ] [        ] Artifact Instance of 'FlutterSdk' is not required, skipping update.
[        ] [        ] Artifact Instance of 'WindowsEngineArtifacts' is not required, skipping update.
[        ] [        ] Artifact Instance of 'MacOSEngineArtifacts' is not required, skipping update.
[        ] [        ] Artifact Instance of 'LinuxEngineArtifacts' is not required, skipping update.
[        ] [        ] Artifact Instance of 'LinuxFuchsiaSDKArtifacts' is not required, skipping update.
[        ] [        ] Artifact Instance of 'MacOSFuchsiaSDKArtifacts' is not required, skipping update.
[        ] [        ] Artifact Instance of 'FlutterRunnerSDKArtifacts' is not required, skipping update.
[        ] [        ] Artifact Instance of 'FlutterRunnerDebugSymbols' is not required, skipping update.
[        ] [        ] Artifact Instance of 'IosUsbArtifacts' is not required, skipping update.
[        ] [        ] Artifact Instance of 'IosUsbArtifacts' is not required, skipping update.
[        ] [        ] Artifact Instance of 'IosUsbArtifacts' is not required, skipping update.
[        ] [        ] Artifact Instance of 'IosUsbArtifacts' is not required, skipping update.
[        ] [        ] Artifact Instance of 'IosUsbArtifacts' is not required, skipping update.
[        ] [        ] Artifact Instance of 'IosUsbArtifacts' is not required, skipping update.
[        ] [        ] Artifact Instance of 'FontSubsetArtifacts' is not required, skipping update.
[        ] [        ] Artifact Instance of 'PubDependencies' is not required, skipping update.
[        ] [  +15 ms] Initializing file store
[        ] [   +1 ms] Done initializing file store
[        ] [  +36 ms] Skipping target: build_hooks
[        ] [   +1 ms] Skipping target: gen_dart_plugin_registrant
[        ] [        ] Skipping target: gen_localizations
[        ] [   +2 ms] kernel_snapshot_program: Starting due to {}
[        ] [  +17 ms] /home/ubuntu/flutter/bin/cache/dart-sdk/bin/dartaotruntime /home/ubuntu/flutter/bin/cache/dart-sdk/bin/snapshots/frontend_server_aot.dart.snapshot --sdk-root /home/ubuntu/flutter/bin/cache/artifacts/engine/common/flutter_patched_sdk/ --target=flutter --no-print-incremental-dependencies -DFLUTTER_BUILD_NAME=1.0.0 -DFLUTTER_BUILD_NUMBER=1 -DFLUTTER_VERSION=3.47.0 -DFLUTTER_CHANNEL=stable -DFLUTTER_GIT_URL=https://github.com/flutter/flutter.git -DFLUTTER_FRAMEWORK_REVISION=4cf2416426 -DFLUTTER_ENGINE_REVISION=5f77625673 -DFLUTTER_DART_VERSION=3.13.0 -DFLUTTER_APP_FLAVOR= -Ddart.vm.profile=false -Ddart.vm.product=false --enable-asserts --track-widget-creation --no-link-platform --packages /home/ubuntu/kidsafe-guardian/flutter/apps/child_app/.dart_tool/package_config.json --output-dill /home/ubuntu/kidsafe-guardian/flutter/apps/child_app/.dart_tool/flutter_build/346c753e6fed081876968beee2d44928/app.dill --depfile /home/ubuntu/kidsafe-guardian/flutter/apps/child_app/.dart_tool/flutter_build/346c753e6fed081876968beee2d44928/kernel_snapshot_program.d --incremental --initialize-from-dill /home/ubuntu/kidsafe-guardian/flutter/apps/child_app/.dart_tool/flutter_build/346c753e6fed081876968beee2d44928/app.dill --source file:///home/ubuntu/kidsafe-guardian/flutter/apps/child_app/.dart_tool/flutter_build/dart_plugin_registrant.dart --source package:flutter/src/dart_plugin_registrant.dart -Dflutter.dart_plugin_registrant=file:///home/ubuntu/kidsafe-guardian/flutter/apps/child_app/.dart_tool/flutter_build/dart_plugin_registrant.dart --verbosity=error package:child_app/main.dart
[+17591 ms] [+19247 ms] Persisting file store
[        ] [   +4 ms] Done persisting file store
[        ] [   +4 ms] "flutter assemble" took 19,402ms.
[        ] [        ] Running 1 shutdown hook
[        ] [        ] Shutdown hooks complete
[        ] [   +1 ms] exiting with code 1
[        ] > Task :app:compileFlutterBuildDebug FAILED
[        ] [   +4 ms] Target kernel_snapshot_program failed: Exception
[        ]            #0      KernelSnapshot.build (package:flutter_tools/src/build_system/targets/common.dart:315:7)
[        ]            <asynchronous suspension>
[        ]            #1      _BuildInstance._invokeInternal (package:flutter_tools/src/build_system/build_system.dart:937:9)
[        ]            <asynchronous suspension>
[        ]            #2      Future.wait.<anonymous closure> (dart:async/future.dart:567:21)
[        ]            <asynchronous suspension>
[        ]            #3      _BuildInstance.invokeTarget (package:flutter_tools/src/build_system/build_system.dart:875:32)
[        ]            <asynchronous suspension>
[        ]            #4      Future.wait.<anonymous closure> (dart:async/future.dart:567:21)
[        ]            <asynchronous suspension>
[        ]            #5      _BuildInstance.invokeTarget (package:flutter_tools/src/build_system/build_system.dart:875:32)
[        ]            <asynchronous suspension>
[        ]            #6      Future.wait.<anonymous closure> (dart:async/future.dart:567:21)
[        ]            <asynchronous suspension>
[        ]            #7      _BuildInstance.invokeTarget (package:flutter_tools/src/build_system/build_system.dart:875:32)
[        ]            <asynchronous suspension>
[        ]            #8      FlutterBuildSystem.build (package:flutter_tools/src/build_system/build_system.dart:684:16)
[        ]            <asynchronous suspension>
[        ]            #9      AssembleCommand.runCommand (package:flutter_tools/src/commands/assemble.dart:369:32)
[        ]            <asynchronous suspension>
[        ]            #10     FlutterCommand.run.<anonymous closure> (package:flutter_tools/src/runner/flutter_command.dart:1663:27)
[        ]            <asynchronous suspension>
[        ]            #11     AppContext.run.<anonymous closure> (package:flutter_tools/src/base/context.dart:154:19)
[        ]            <asynchronous suspension>
[        ]            #12     CommandRunner.runCommand (package:args/command_runner.dart:212:13)
[        ]            <asynchronous suspension>
[        ]            #13     FlutterCommandRunner.runCommand.<anonymous closure> (package:flutter_tools/src/runner/flutter_command_runner.dart:496:9)
[        ]            <asynchronous suspension>
[        ]            #14     AppContext.run.<anonymous closure> (package:flutter_tools/src/base/context.dart:154:19)
[        ]            <asynchronous suspension>
[        ]            #15     FlutterCommandRunner.runCommand (package:flutter_tools/src/runner/flutter_command_runner.dart:431:5)
[        ]            <asynchronous suspension>
[        ]            #16     FlutterCommandRunner.run.<anonymous closure> (package:flutter_tools/src/runner/flutter_command_runner.dart:307:33)
[        ]            <asynchronous suspension>
[        ]            #17     run.<anonymous closure>.<anonymous closure> (package:flutter_tools/runner.dart:104:11)
[        ]            <asynchronous suspension>
[        ]            #18     AppContext.run.<anonymous closure> (package:flutter_tools/src/base/context.dart:154:19)
[        ]            <asynchronous suspension>
[        ]            #19     main (package:flutter_tools/executable.dart:103:3)
[        ]            <asynchronous suspension>
[        ] [   +4 ms] 
[        ]            #0      throwToolExit (package:flutter_tools/src/base/common.dart:34:3)
[        ]            #1      AssembleCommand.runCommand (package:flutter_tools/src/commands/assemble.dart:387:7)
[        ]            <asynchronous suspension>
[        ]            #2      FlutterCommand.run.<anonymous closure> (package:flutter_tools/src/runner/flutter_command.dart:1663:27)
[        ]            <asynchronous suspension>
[        ]            #3      AppContext.run.<anonymous closure> (package:flutter_tools/src/base/context.dart:154:19)
[        ]            <asynchronous suspension>
[        ]            #4      CommandRunner.runCommand (package:args/command_runner.dart:212:13)
[        ]            <asynchronous suspension>
[        ]            #5      FlutterCommandRunner.runCommand.<anonymous closure> (package:flutter_tools/src/runner/flutter_command_runner.dart:496:9)
[        ]            <asynchronous suspension>
[        ]            #6      AppContext.run.<anonymous closure> (package:flutter_tools/src/base/context.dart:154:19)
[        ]            <asynchronous suspension>
[        ]            #7      FlutterCommandRunner.runCommand (package:flutter_tools/src/runner/flutter_command_runner.dart:431:5)
[        ]            <asynchronous suspension>
[        ]            #8      FlutterCommandRunner.run.<anonymous closure> (package:flutter_tools/src/runner/flutter_command_runner.dart:307:33)
[        ]            <asynchronous suspension>
[        ]            #9      run.<anonymous closure>.<anonymous closure> (package:flutter_tools/runner.dart:104:11)
[        ]            <asynchronous suspension>
[        ]            #10     AppContext.run.<anonymous closure> (package:flutter_tools/src/base/context.dart:154:19)
[        ]            <asynchronous suspension>
[        ]            #11     main (package:flutter_tools/executable.dart:103:3)
[        ]            <asynchronous suspension>
[  +94 ms] Build d77ff362-480d-402e-9484-b19081fd7972 is closed
[        ] Build d825fdd8-c562-49bf-8eef-2676ecef1a78 is closed
[        ] [Incubating] Problems report is available at: file:///home/ubuntu/kidsafe-guardian/flutter/apps/child_app/build/reports/problems/problems-report.html
[        ] Deprecated Gradle features were used in this build, making it incompatible with Gradle 10.
[        ] You can use '--warning-mode all' to show the individual deprecation warnings and determine if they come from your own scripts or plugins.
[        ] For more on this, please refer to https://docs.gradle.org/9.3.1/userguide/command_line_interface.html#sec:command_line_warnings in the Gradle documentation.
[        ] 8 actionable tasks: 3 executed, 5 up-to-date
[        ] FAILURE: Build failed with an exception.
[        ] * What went wrong:
[        ] Execution failed for task ':app:compileFlutterBuildDebug'.
[        ] > Process 'command '/home/ubuntu/flutter/bin/flutter'' finished with non-zero exit value 1
[        ] * Try:
[        ] > Run with --debug option to get more log output.
[        ] > Run with --scan to get full insights from a Build Scan (powered by Develocity).
[        ] > Get more help at https://help.gradle.org.
[        ] * Exception is:
[        ] org.gradle.api.tasks.TaskExecutionException: Execution failed for task ':app:compileFlutterBuildDebug'.
[        ] 	at org.gradle.api.internal.tasks.execution.ExecuteActionsTaskExecuter.lambda$executeIfValid$1(ExecuteActionsTaskExecuter.java:135)
[        ] 	at org.gradle.internal.Try$Failure.ifSuccessfulOrElse(Try.java:288)
[        ] 	at org.gradle.api.internal.tasks.execution.ExecuteActionsTaskExecuter.executeIfValid(ExecuteActionsTaskExecuter.java:133)
[        ] 	at org.gradle.api.internal.tasks.execution.ExecuteActionsTaskExecuter.execute(ExecuteActionsTaskExecuter.java:121)
[        ] 	at org.gradle.api.internal.tasks.execution.ProblemsTaskPathTrackingTaskExecuter.execute(ProblemsTaskPathTrackingTaskExecuter.java:41)
[        ] 	at org.gradle.api.internal.tasks.execution.FinalizePropertiesTaskExecuter.execute(FinalizePropertiesTaskExecuter.java:46)
[        ] 	at org.gradle.api.internal.tasks.execution.ResolveTaskExecutionModeExecuter.execute(ResolveTaskExecutionModeExecuter.java:51)
[        ] 	at org.gradle.api.internal.tasks.execution.SkipTaskWithNoActionsExecuter.execute(SkipTaskWithNoActionsExecuter.java:57)
[        ] 	at org.gradle.api.internal.tasks.execution.SkipOnlyIfTaskExecuter.execute(SkipOnlyIfTaskExecuter.java:74)
[        ] 	at org.gradle.api.internal.tasks.execution.CatchExceptionTaskExecuter.execute(CatchExceptionTaskExecuter.java:36)
[        ] 	at org.gradle.api.internal.tasks.execution.EventFiringTaskExecuter$1.executeTask(EventFiringTaskExecuter.java:77)
[        ] 	at org.gradle.api.internal.tasks.execution.EventFiringTaskExecuter$1.call(EventFiringTaskExecuter.java:55)
[        ] 	at org.gradle.api.internal.tasks.execution.EventFiringTaskExecuter$1.call(EventFiringTaskExecuter.java:52)
[        ] 	at org.gradle.internal.operations.DefaultBuildOperationRunner$CallableBuildOperationWorker.execute(DefaultBuildOperationRunner.java:209)
[        ] 	at org.gradle.internal.operations.DefaultBuildOperationRunner$CallableBuildOperationWorker.execute(DefaultBuildOperationRunner.java:204)
[        ] 	at org.gradle.internal.operations.DefaultBuildOperationRunner$2.execute(DefaultBuildOperationRunner.java:66)
[        ] 	at org.gradle.internal.operations.DefaultBuildOperationRunner$2.execute(DefaultBuildOperationRunner.java:59)
[        ] 	at org.gradle.internal.operations.DefaultBuildOperationRunner.execute(DefaultBuildOperationRunner.java:166)
[        ] 	at org.gradle.internal.operations.DefaultBuildOperationRunner.execute(DefaultBuildOperationRunner.java:59)
[        ] 	at org.gradle.internal.operations.DefaultBuildOperationRunner.call(DefaultBuildOperationRunner.java:53)
[        ] 	at org.gradle.api.internal.tasks.execution.EventFiringTaskExecuter.execute(EventFiringTaskExecuter.java:52)
[        ] 	at org.gradle.execution.plan.DefaultNodeExecutor.executeLocalTaskNode(DefaultNodeExecutor.java:55)
[        ] 	at org.gradle.execution.plan.DefaultNodeExecutor.execute(DefaultNodeExecutor.java:34)
[        ] 	at org.gradle.execution.taskgraph.DefaultTaskExecutionGraph$InvokeNodeExecutorsAction.execute(DefaultTaskExecutionGraph.java:355)
[        ] 	at org.gradle.execution.taskgraph.DefaultTaskExecutionGraph$InvokeNodeExecutorsAction.execute(DefaultTaskExecutionGraph.java:343)
[        ] 	at org.gradle.execution.taskgraph.DefaultTaskExecutionGraph$BuildOperationAwareExecutionAction.lambda$execute$0(DefaultTaskExecutionGraph.java:339)
[        ] 	at org.gradle.internal.operations.CurrentBuildOperationRef.with(CurrentBuildOperationRef.java:84)
[        ] 	at org.gradle.execution.taskgraph.DefaultTaskExecutionGraph$BuildOperationAwareExecutionAction.execute(DefaultTaskExecutionGraph.java:339)
[        ] 	at org.gradle.execution.taskgraph.DefaultTaskExecutionGraph$BuildOperationAwareExecutionAction.execute(DefaultTaskExecutionGraph.java:328)
[        ] 	at org.gradle.execution.plan.DefaultPlanExecutor$ExecutorWorker.execute(DefaultPlanExecutor.java:459)
[        ] 	at org.gradle.execution.plan.DefaultPlanExecutor$ExecutorWorker.run(DefaultPlanExecutor.java:376)
[        ] 	at org.gradle.execution.plan.DefaultPlanExecutor.process(DefaultPlanExecutor.java:111)
[        ] 	at org.gradle.execution.taskgraph.DefaultTaskExecutionGraph.executeWithServices(DefaultTaskExecutionGraph.java:146)
[        ] 	at org.gradle.execution.taskgraph.DefaultTaskExecutionGraph.execute(DefaultTaskExecutionGraph.java:131)
[        ] 	at org.gradle.execution.SelectedTaskExecutionAction.execute(SelectedTaskExecutionAction.java:35)
[        ] 	at org.gradle.execution.BuildOperationFiringBuildWorkerExecutor$ExecuteTasks.call(BuildOperationFiringBuildWorkerExecutor.java:54)
[        ] 	at org.gradle.execution.BuildOperationFiringBuildWorkerExecutor$ExecuteTasks.call(BuildOperationFiringBuildWorkerExecutor.java:43)
[        ] 	at org.gradle.internal.operations.DefaultBuildOperationRunner$CallableBuildOperationWorker.execute(DefaultBuildOperationRunner.java:209)
[        ] 	at org.gradle.internal.operations.DefaultBuildOperationRunner$CallableBuildOperationWorker.execute(DefaultBuildOperationRunner.java:204)
[        ] 	at org.gradle.internal.operations.DefaultBuildOperationRunner$2.execute(DefaultBuildOperationRunner.java:66)
[        ] 	at org.gradle.internal.operations.DefaultBuildOperationRunner$2.execute(DefaultBuildOperationRunner.java:59)
[        ] 	at org.gradle.internal.operations.DefaultBuildOperationRunner.execute(DefaultBuildOperationRunner.java:166)
[        ] 	at org.gradle.internal.operations.DefaultBuildOperationRunner.execute(DefaultBuildOperationRunner.java:59)
[        ] 	at org.gradle.internal.operations.DefaultBuildOperationRunner.call(DefaultBuildOperationRunner.java:53)
[        ] 	at org.gradle.execution.BuildOperationFiringBuildWorkerExecutor.execute(BuildOperationFiringBuildWorkerExecutor.java:40)
[        ] 	at org.gradle.internal.build.DefaultBuildLifecycleController.lambda$executeTasks$10(DefaultBuildLifecycleController.java:313)
[        ] 	at org.gradle.internal.model.StateTransitionController.doTransition(StateTransitionController.java:276)
[        ] 	at org.gradle.internal.model.StateTransitionController.lambda$tryTransition$8(StateTransitionController.java:187)
[        ] 	at org.gradle.internal.work.DefaultSynchronizer.withLock(DefaultSynchronizer.java:45)
[        ] 	at org.gradle.internal.model.StateTransitionController.tryTransition(StateTransitionController.java:187)
[        ] 	at org.gradle.internal.build.DefaultBuildLifecycleController.executeTasks(DefaultBuildLifecycleController.java:304)
[        ] 	at org.gradle.internal.build.DefaultBuildWorkGraphController$DefaultBuildWorkGraph.runWork(DefaultBuildWorkGraphController.java:220)
[        ] 	at org.gradle.internal.work.DefaultWorkerLeaseService.lambda$withLocksAcquired$0(DefaultWorkerLeaseService.java:269)
[        ] 	at org.gradle.internal.work.ResourceLockStatistics$1.measure(ResourceLockStatistics.java:42)
[        ] 	at org.gradle.internal.work.DefaultWorkerLeaseService.withLocksAcquired(DefaultWorkerLeaseService.java:267)
[        ] 	at org.gradle.internal.work.DefaultWorkerLeaseService.withLocks(DefaultWorkerLeaseService.java:259)
[        ] 	at org.gradle.internal.work.DefaultWorkerLeaseService.runAsWorkerThread(DefaultWorkerLeaseService.java:127)
[        ] 	at org.gradle.composite.internal.DefaultBuildController.doRun(DefaultBuildController.java:181)
[        ] 	at org.gradle.composite.internal.DefaultBuildController.access$000(DefaultBuildController.java:50)
[        ] 	at org.gradle.composite.internal.DefaultBuildController$BuildOpRunnable.lambda$run$0(DefaultBuildController.java:198)
[        ] 	at org.gradle.internal.operations.CurrentBuildOperationRef.with(CurrentBuildOperationRef.java:84)
[        ] 	at org.gradle.composite.internal.DefaultBuildController$BuildOpRunnable.run(DefaultBuildController.java:198)
[        ] 	at java.base/java.util.concurrent.Executors$RunnableAdapter.call(Executors.java:539)
[        ] 	at java.base/java.util.concurrent.FutureTask.run(FutureTask.java:264)
[        ] 	at org.gradle.internal.concurrent.ExecutorPolicy$CatchAndRecordFailures.onExecute(ExecutorPolicy.java:64)
[        ] 	at org.gradle.internal.concurrent.AbstractManagedExecutor$1.run(AbstractManagedExecutor.java:47)
[        ] 	at java.base/java.util.concurrent.ThreadPoolExecutor.runWorker(ThreadPoolExecutor.java:1136)
[        ] 	at java.base/java.util.concurrent.ThreadPoolExecutor$Worker.run(ThreadPoolExecutor.java:635)
[        ] 	at java.base/java.lang.Thread.run(Thread.java:840)
[        ] Caused by: org.gradle.process.ProcessExecutionException: Process 'command '/home/ubuntu/flutter/bin/flutter'' finished with non-zero exit value 1
[        ] 	at org.gradle.process.internal.DefaultExecHandle$ExecResultImpl.assertNormalExitValue(DefaultExecHandle.java:454)
[        ] 	at org.gradle.process.internal.DefaultExecAction.execute(DefaultExecAction.java:49)
[        ] 	at org.gradle.process.internal.DefaultExecActionFactory.exec(DefaultExecActionFactory.java:216)
[        ] 	at org.gradle.process.internal.DefaultExecOperations.exec(DefaultExecOperations.java:37)
[        ] 	at com.flutter.gradle.tasks.BaseFlutterTaskHelper.buildBundle(BaseFlutterTaskHelper.kt:159)
[        ] 	at com.flutter.gradle.tasks.BaseFlutterTask.buildBundle(BaseFlutterTask.kt:143)
[        ] 	at com.flutter.gradle.tasks.FlutterTaskHelper.build$gradle(FlutterTaskHelper.kt:90)
[        ] 	at com.flutter.gradle.tasks.FlutterTask.build(FlutterTask.kt:51)
[        ] 	at java.base/jdk.internal.reflect.NativeMethodAccessorImpl.invoke0(Native Method)
[        ] 	at java.base/jdk.internal.reflect.NativeMethodAccessorImpl.invoke(NativeMethodAccessorImpl.java:77)
[        ] 	at java.base/jdk.internal.reflect.DelegatingMethodAccessorImpl.invoke(DelegatingMethodAccessorImpl.java:43)
[        ] 	at java.base/java.lang.reflect.Method.invoke(Method.java:569)
[        ] 	at org.gradle.internal.reflect.JavaMethod.invoke(JavaMethod.java:125)
[        ] 	at org.gradle.api.internal.project.taskfactory.StandardTaskAction.doExecute(StandardTaskAction.java:58)
[        ] 	at org.gradle.api.internal.project.taskfactory.StandardTaskAction.execute(StandardTaskAction.java:51)
[        ] 	at org.gradle.api.internal.project.taskfactory.StandardTaskAction.execute(StandardTaskAction.java:29)
[        ] 	at org.gradle.api.internal.tasks.execution.TaskExecution$3.run(TaskExecution.java:259)
[        ] 	at org.gradle.internal.operations.DefaultBuildOperationRunner$1.execute(DefaultBuildOperationRunner.java:29)
[        ] 	at org.gradle.internal.operations.DefaultBuildOperationRunner$1.execute(DefaultBuildOperationRunner.java:26)
[        ] 	at org.gradle.internal.operations.DefaultBuildOperationRunner$2.execute(DefaultBuildOperationRunner.java:66)
[        ] 	at org.gradle.internal.operations.DefaultBuildOperationRunner$2.execute(DefaultBuildOperationRunner.java:59)
[        ] 	at org.gradle.internal.operations.DefaultBuildOperationRunner.execute(DefaultBuildOperationRunner.java:166)
[        ] 	at org.gradle.internal.operations.DefaultBuildOperationRunner.execute(DefaultBuildOperationRunner.java:59)
[        ] 	at org.gradle.internal.operations.DefaultBuildOperationRunner.run(DefaultBuildOperationRunner.java:47)
[        ] 	at org.gradle.api.internal.tasks.execution.TaskExecution.executeAction(TaskExecution.java:244)
[        ] 	at org.gradle.api.internal.tasks.execution.TaskExecution.executeActions(TaskExecution.java:227)
[        ] 	at org.gradle.api.internal.tasks.execution.TaskExecution.executeWithPreviousOutputFiles(TaskExecution.java:210)
[        ] 	at org.gradle.api.internal.tasks.execution.TaskExecution.execute(TaskExecution.java:176)
[        ] 	at org.gradle.internal.execution.steps.ExecuteStep.executeInternal(ExecuteStep.java:110)
[        ] 	at org.gradle.internal.execution.steps.ExecuteStep.access$000(ExecuteStep.java:47)
[        ] 	at org.gradle.internal.execution.steps.ExecuteStep$1.call(ExecuteStep.java:64)
[        ] 	at org.gradle.internal.execution.steps.ExecuteStep$1.call(ExecuteStep.java:61)
[        ] 	at org.gradle.internal.operations.DefaultBuildOperationRunner$CallableBuildOperationWorker.execute(DefaultBuildOperationRunner.java:209)
[        ] 	at org.gradle.internal.operations.DefaultBuildOperationRunner$CallableBuildOperationWorker.execute(DefaultBuildOperationRunner.java:204)
[        ] 	at org.gradle.internal.operations.DefaultBuildOperationRunner$2.execute(DefaultBuildOperationRunner.java:66)
[        ] 	at org.gradle.internal.operations.DefaultBuildOperationRunner$2.execute(DefaultBuildOperationRunner.java:59)
[        ] 	at org.gradle.internal.operations.DefaultBuildOperationRunner.execute(DefaultBuildOperationRunner.java:166)
[        ] 	at org.gradle.internal.operations.DefaultBuildOperationRunner.execute(DefaultBuildOperationRunner.java:59)
[        ] 	at org.gradle.internal.operations.DefaultBuildOperationRunner.call(DefaultBuildOperationRunner.java:53)
[        ] 	at org.gradle.internal.execution.steps.ExecuteStep.execute(ExecuteStep.java:61)
[        ] 	at org.gradle.internal.execution.steps.ExecuteStep.execute(ExecuteStep.java:47)
[        ] 	at org.gradle.internal.execution.steps.CancelExecutionStep.execute(CancelExecutionStep.java:42)
[        ] 	at org.gradle.internal.execution.steps.TimeoutStep.executeWithoutTimeout(TimeoutStep.java:75)
[        ] 	at org.gradle.internal.execution.steps.TimeoutStep.execute(TimeoutStep.java:55)
[        ] 	at org.gradle.internal.execution.steps.PreCreateOutputParentsStep.execute(PreCreateOutputParentsStep.java:51)
[        ] 	at org.gradle.internal.execution.steps.PreCreateOutputParentsStep.execute(PreCreateOutputParentsStep.java:29)
[        ] 	at org.gradle.internal.execution.steps.RemovePreviousOutputsStep.executeMutable(RemovePreviousOutputsStep.java:70)
[        ] 	at org.gradle.internal.execution.steps.RemovePreviousOutputsStep.executeMutable(RemovePreviousOutputsStep.java:40)
[        ] 	at org.gradle.internal.execution.steps.MutableStep.execute(MutableStep.java:25)
[        ] 	at org.gradle.internal.execution.steps.BroadcastChangingOutputsStep.execute(BroadcastChangingOutputsStep.java:62)
[        ] 	at org.gradle.internal.execution.steps.BroadcastChangingOutputsStep.execute(BroadcastChangingOutputsStep.java:27)
[        ] 	at org.gradle.internal.execution.steps.CaptureOutputsAfterExecutionStep.execute(CaptureOutputsAfterExecutionStep.java:69)
[        ] 	at org.gradle.internal.execution.steps.CaptureOutputsAfterExecutionStep.execute(CaptureOutputsAfterExecutionStep.java:46)
[        ] 	at org.gradle.internal.execution.steps.ResolveInputChangesStep.executeMutable(ResolveInputChangesStep.java:39)
[        ] 	at org.gradle.internal.execution.steps.ResolveInputChangesStep.executeMutable(ResolveInputChangesStep.java:28)
[        ] 	at org.gradle.internal.execution.steps.MutableStep.execute(MutableStep.java:25)
[        ] 	at org.gradle.internal.execution.steps.BuildCacheStep.executeWithoutCache(BuildCacheStep.java:192)
[        ] 	at org.gradle.internal.execution.steps.BuildCacheStep.lambda$execute$1(BuildCacheStep.java:76)
[        ] 	at org.gradle.internal.Either$Right.fold(Either.java:176)
[        ] 	at org.gradle.internal.execution.caching.CachingState.fold(CachingState.java:62)
[        ] 	at org.gradle.internal.execution.steps.BuildCacheStep.execute(BuildCacheStep.java:74)
[        ] 	at org.gradle.internal.execution.steps.BuildCacheStep.execute(BuildCacheStep.java:49)
[        ] 	at org.gradle.internal.execution.steps.StoreExecutionStateStep.execute(StoreExecutionStateStep.java:46)
[        ] 	at org.gradle.internal.execution.steps.StoreExecutionStateStep.execute(StoreExecutionStateStep.java:35)
[        ] 	at org.gradle.internal.execution.steps.SkipUpToDateStep.executeBecause(SkipUpToDateStep.java:75)
[        ] 	at org.gradle.internal.execution.steps.SkipUpToDateStep.lambda$execute$2(SkipUpToDateStep.java:53)
[        ] 	at java.base/java.util.Optional.orElseGet(Optional.java:364)
[        ] 	at org.gradle.internal.execution.steps.SkipUpToDateStep.execute(SkipUpToDateStep.java:53)
[        ] 	at org.gradle.internal.execution.steps.SkipUpToDateStep.execute(SkipUpToDateStep.java:35)
[        ] 	at org.gradle.internal.execution.steps.legacy.MarkSnapshottingInputsFinishedStep.execute(MarkSnapshottingInputsFinishedStep.java:37)
[        ] 	at org.gradle.internal.execution.steps.legacy.MarkSnapshottingInputsFinishedStep.execute(MarkSnapshottingInputsFinishedStep.java:27)
[        ] 	at org.gradle.internal.execution.steps.ResolveIncrementalCachingStateStep.executeDelegate(ResolveIncrementalCachingStateStep.java:49)
[        ] 	at org.gradle.internal.execution.steps.ResolveIncrementalCachingStateStep.executeDelegate(ResolveIncrementalCachingStateStep.java:27)
[        ] 	at org.gradle.internal.execution.steps.AbstractResolveCachingStateStep.execute(AbstractResolveCachingStateStep.java:71)
[        ] 	at org.gradle.internal.execution.steps.AbstractResolveCachingStateStep.execute(AbstractResolveCachingStateStep.java:39)
[        ] 	at org.gradle.internal.execution.steps.ResolveChangesStep.executeMutable(ResolveChangesStep.java:63)
[        ] 	at org.gradle.internal.execution.steps.ResolveChangesStep.executeMutable(ResolveChangesStep.java:34)
[        ] 	at org.gradle.internal.execution.steps.MutableStep.execute(MutableStep.java:25)
[        ] 	at org.gradle.internal.execution.steps.ValidateStep.execute(ValidateStep.java:64)
[        ] 	at org.gradle.internal.execution.steps.ValidateStep.execute(ValidateStep.java:42)
[        ] 	at org.gradle.internal.execution.steps.AbstractCaptureStateBeforeExecutionStep.execute(AbstractCaptureStateBeforeExecutionStep.java:77)
[        ] 	at org.gradle.internal.execution.steps.AbstractCaptureStateBeforeExecutionStep.execute(AbstractCaptureStateBeforeExecutionStep.java:46)
[        ] 	at org.gradle.internal.execution.steps.AbstractSkipEmptyWorkStep.executeWithNonEmptySources(AbstractSkipEmptyWorkStep.java:133)
[        ] 	at org.gradle.internal.execution.steps.AbstractSkipEmptyWorkStep.execute(AbstractSkipEmptyWorkStep.java:59)
[        ] 	at org.gradle.internal.execution.steps.AbstractSkipEmptyWorkStep.execute(AbstractSkipEmptyWorkStep.java:36)
[        ] 	at org.gradle.internal.execution.steps.legacy.MarkSnapshottingInputsStartedStep.execute(MarkSnapshottingInputsStartedStep.java:38)
[        ] 	at org.gradle.internal.execution.steps.LoadPreviousExecutionStateStep.execute(LoadPreviousExecutionStateStep.java:36)
[        ] 	at org.gradle.internal.execution.steps.LoadPreviousExecutionStateStep.execute(LoadPreviousExecutionStateStep.java:23)
[        ] 	at org.gradle.internal.execution.steps.HandleStaleOutputsStep.executeMutable(HandleStaleOutputsStep.java:77)
[        ] 	at org.gradle.internal.execution.steps.HandleStaleOutputsStep.executeMutable(HandleStaleOutputsStep.java:43)
[        ] 	at org.gradle.internal.execution.steps.MutableStep.execute(MutableStep.java:25)
[        ] 	at org.gradle.internal.execution.steps.AssignMutableWorkspaceStep.lambda$execute$0(AssignMutableWorkspaceStep.java:35)
[        ] 	at org.gradle.api.internal.tasks.execution.TaskExecution$4.withWorkspace(TaskExecution.java:305)
[        ] 	at org.gradle.internal.execution.steps.AssignMutableWorkspaceStep.execute(AssignMutableWorkspaceStep.java:31)
[        ] 	at org.gradle.internal.execution.steps.AssignMutableWorkspaceStep.execute(AssignMutableWorkspaceStep.java:22)
[        ] 	at org.gradle.internal.execution.steps.ChoosePipelineStep.execute(ChoosePipelineStep.java:40)
[        ] 	at org.gradle.internal.execution.steps.ChoosePipelineStep.execute(ChoosePipelineStep.java:23)
[        ] 	at org.gradle.internal.execution.steps.ExecuteWorkBuildOperationFiringStep.lambda$execute$2(ExecuteWorkBuildOperationFiringStep.java:67)
[        ] 	at java.base/java.util.Optional.orElseGet(Optional.java:364)
[        ] 	at org.gradle.internal.execution.steps.ExecuteWorkBuildOperationFiringStep.execute(ExecuteWorkBuildOperationFiringStep.java:67)
[        ] 	at org.gradle.internal.execution.steps.ExecuteWorkBuildOperationFiringStep.execute(ExecuteWorkBuildOperationFiringStep.java:39)
[        ] 	at org.gradle.internal.execution.steps.IdentityCacheStep.execute(IdentityCacheStep.java:46)
[        ] 	at org.gradle.internal.execution.steps.IdentityCacheStep.execute(IdentityCacheStep.java:34)
[        ] 	at org.gradle.internal.execution.steps.IdentifyStep.execute(IdentifyStep.java:44)
[        ] 	at org.gradle.internal.execution.steps.IdentifyStep.execute(IdentifyStep.java:31)
[        ] 	at org.gradle.internal.execution.impl.DefaultExecutionEngine$1.execute(DefaultExecutionEngine.java:68)
[        ] 	at org.gradle.api.internal.tasks.execution.ExecuteActionsTaskExecuter.executeIfValid(ExecuteActionsTaskExecuter.java:132)
[        ] 	... 66 more
[        ] BUILD FAILED in 40s
[ +388 ms] Running Gradle task 'assembleDebug'... (completed in 41.2s)
[   +2 ms] executing: /usr/lib/jvm/java-17-openjdk-amd64/bin/java --version
[  +55 ms] Exit code 0 from: /usr/lib/jvm/java-17-openjdk-amd64/bin/java --version
[        ] openjdk 17.0.19 2026-04-21
           OpenJDK Runtime Environment (build 17.0.19+10-1-24.04.2-Ubuntu)
           OpenJDK 64-Bit Server VM (build 17.0.19+10-1-24.04.2-Ubuntu, mixed mode, sharing)
[   +5 ms] "flutter apk" took 41,771ms.
[   +3 ms] Gradle task assembleDebug failed with exit code 1
[        ] 
           #0      throwToolExit (package:flutter_tools/src/base/common.dart:34:3)
           #1      AndroidGradleBuilder.buildGradleApp (package:flutter_tools/src/android/gradle.dart:653:7)
           <asynchronous suspension>
           #2      AndroidGradleBuilder.buildApk (package:flutter_tools/src/android/gradle.dart:246:5)
           <asynchronous suspension>
           #3      BuildApkCommand.runCommand (package:flutter_tools/src/commands/build_apk.dart:132:5)
           <asynchronous suspension>
           #4      FlutterCommand.run.<anonymous closure> (package:flutter_tools/src/runner/flutter_command.dart:1663:27)
           <asynchronous suspension>
           #5      AppContext.run.<anonymous closure> (package:flutter_tools/src/base/context.dart:154:19)
           <asynchronous suspension>
           #6      CommandRunner.runCommand (package:args/command_runner.dart:212:13)
           <asynchronous suspension>
           #7      FlutterCommandRunner.runCommand.<anonymous closure> (package:flutter_tools/src/runner/flutter_command_runner.dart:496:9)
           <asynchronous suspension>
           #8      AppContext.run.<anonymous closure> (package:flutter_tools/src/base/context.dart:154:19)
           <asynchronous suspension>
           #9      FlutterCommandRunner.runCommand (package:flutter_tools/src/runner/flutter_command_runner.dart:431:5)
           <asynchronous suspension>
           #10     FlutterCommandRunner.run.<anonymous closure> (package:flutter_tools/src/runner/flutter_command_runner.dart:307:33)
           <asynchronous suspension>
           #11     run.<anonymous closure>.<anonymous closure> (package:flutter_tools/runner.dart:104:11)
           <asynchronous suspension>
           #12     AppContext.run.<anonymous closure> (package:flutter_tools/src/base/context.dart:154:19)
           <asynchronous suspension>
           #13     main (package:flutter_tools/executable.dart:103:3)
           <asynchronous suspension>


[        ] Running 1 shutdown hook
[        ] Shutdown hooks complete
[   +1 ms] exiting with code 1
